tSNE1,tSNE2,Habitability
-23.282423,56.546005,0
-23.203526,57.76847,0
-21.192478,60.923267,0
-16.881392,55.615635,0
-0.74572885,65.99199,0
-19.723024,60.46368,0
-10.643527,43.719982,0
-15.511139,46.10826,0
-18.498861,52.458565,0
-17.84957,51.933277,0
-6.2526536,41.935116,0
-56.123013,22.765993,0
-4.3874974,42.83972,0
-8.212448,45.871784,0
-3.582506,42.186188,0
-56.789204,21.02435,0
-18.026257,60.57074,0
10.907537,67.56692,0
-24.949978,55.95535,0
-23.817566,58.24086,0
7.5275645,58.82626,0
7.396515,59.065533,0
7.399735,59.065903,0
-6.3460984,30.404844,0
11.820194,19.780474,0
-20.560553,45.812794,0
-21.36657,44.55044,0
-21.217329,45.896748,0
-21.672413,28.889442,0
-21.192978,45.719383,0
-10.971789,52.571354,0
-14.547203,17.696016,0
-2.0184271,-6.002062,0
-1.4058079,-18.928558,0
12.917521,64.83543,0
-0.21006203,-16.786646,0
-19.485744,58.557297,0
-6.221901,-18.939457,0
-20.48555,60.79913,0
-22.990255,62.0949,0
-9.356565,47.240005,0
-24.379587,54.844692,0
-33.606888,44.346127,0
-18.210262,47.08664,0
-4.3178167,-19.236917,0
-26.473463,54.672024,0
-27.488718,56.025208,0
-22.815895,50.571617,0
6.3043523,-15.33479,0
-18.823774,48.350395,0
-26.580896,59.176632,0
-15.715956,59.64837,0
-40.505867,13.640443,0
-10.4431305,-16.6059,0
-29.790298,39.74365,0
-29.739546,39.37934,0
-8.095313,25.44924,0
-35.316925,40.77996,0
-25.582571,53.2018,0
-31.1879,42.746704,0
-57.474518,23.746902,0
-6.949405,45.72552,0
-2.8276892,41.08436,0
-7.0415955,45.44775,0
27.099257,40.66646,0
-13.122397,-36.895313,0
32.258457,31.308388,0
25.079504,41.72495,0
-9.838455,18.072046,0
24.580723,42.818684,0
17.611937,24.806503,0
39.397266,20.765882,0
17.362608,41.3263,0
36.475716,36.035976,0
17.237574,36.257183,0
-7.6091614,48.977165,0
-7.671692,49.11101,0
39.534515,40.10618,0
17.895487,22.283918,0
39.43465,20.71274,0
-5.679989,12.411439,0
-5.682464,12.412313,0
28.922413,-41.8554,0
31.055782,33.390083,0
29.219046,-42.035976,0
31.577427,-0.76005113,0
2.35826,18.182808,0
45.314777,36.633648,0
30.95092,39.625107,0
31.26359,39.130035,0
17.553888,22.784082,0
-21.073517,29.45477,0
-20.839127,29.709646,0
-4.5473337,18.48115,0
0.2099296,-24.184595,0
-0.32088414,25.617758,0
-6.3349676,45.113087,0
-7.298678,-16.658833,0
-3.5742378,43.295944,0
-57.622158,21.197945,0
-2.5559478,46.69925,0
-14.403355,25.920723,0
-15.414815,24.910759,0
-17.61103,21.457788,0
-16.297047,25.378876,0
-16.010614,25.254173,0
-15.542626,24.950186,0
-13.454925,21.094612,0
-12.92644,23.513985,0
-14.131377,22.248531,0
-13.883698,22.519836,0
-13.369764,23.368938,0
-14.136147,23.167223,0
-43.76903,13.585109,0
24.485264,20.894136,0
-15.233964,24.813232,0
-2.8721926,33.741436,0
-18.356445,23.364588,0
-18.137571,23.110506,0
-37.763138,13.823549,0
-15.619072,-20.421726,0
-14.399246,21.96013,0
-17.037863,18.73896,0
-24.041325,10.209421,0
25.722912,22.836714,0
25.225943,29.435993,0
17.61713,64.19414,0
-4.516797,42.881496,0
-6.027374,31.321278,0
-60.034435,16.98499,0
-60.00761,17.021515,0
-48.699406,14.859058,0
-57.203358,20.52144,0
-61.10312,13.753006,0
-48.44944,18.652693,0
-38.895622,6.0181794,0
-49.488426,16.922695,0
-55.37833,22.556684,2
-55.51389,22.606375,0
-54.029503,25.51596,0
-54.629517,14.5721245,1
-54.570583,14.627082,0
-2.096857,-19.009937,0
-51.961884,15.890117,0
-51.884415,16.063772,0
-53.394985,20.047226,0
-10.4644985,48.9746,0
-10.460806,48.96777,0
-12.025561,50.392887,0
-54.382946,19.691149,0
-12.969922,-16.387129,0
-54.364525,19.94856,2
-55.10822,17.673586,0
-53.4161,17.228308,1
-54.53853,19.038937,0
-56.988968,18.421383,0
-33.787354,26.30994,0
-46.303642,20.94257,0
-46.76515,19.608223,0
-51.19897,21.47664,2
-16.073484,34.436848,0
-47.84299,19.164486,0
-40.25314,-19.52324,0
-53.00494,16.387396,0
-54.64975,17.051558,0
-57.16474,17.593025,0
-56.906677,13.369162,0
-49.460667,26.413326,0
-16.38943,34.497547,0
0.5721842,59.671925,0
-50.22417,15.120971,0
-57.11695,16.204418,0
-56.903496,16.71457,0
-56.98363,16.324696,0
-55.419006,17.106627,0
-10.896997,41.021713,0
-49.478863,16.924953,0
-54.03455,22.727097,1
-53.73605,22.65798,1
-53.930115,22.703688,1
-12.394664,-17.359282,0
-14.250354,34.919315,0
-50.938316,27.363226,0
-50.782425,27.37513,0
-50.215977,27.129858,0
-50.422867,27.539812,0
-40.18972,-19.572386,0
-53.123802,18.784775,0
-53.86583,24.858328,0
-53.79865,24.108809,2
-53.908188,25.722929,0
-26.561249,48.306442,0
-14.330892,31.52164,0
-14.269611,31.719831,0
-14.2853985,34.446087,0
-14.411502,31.24915,0
-7.459313,-12.282087,0
-43.436874,-22.234385,0
-43.23228,-21.897026,0
-43.19473,-21.858656,0
-10.122659,39.11318,0
-10.601395,43.74447,0
-5.083137,42.719402,0
-36.746914,18.668459,0
-56.798244,13.426658,0
-49.274445,14.959285,0
11.847493,19.7334,0
-25.609438,-0.36872435,0
-27.043736,46.140522,0
-29.644693,25.124762,0
36.12974,34.830627,0
9.272176,57.663284,0
6.681682,42.786644,0
-0.49593934,28.411287,0
28.815714,31.339333,0
-5.1522775,22.320036,0
-27.248165,47.207706,0
-4.0438404,20.857847,0
-3.927534,20.810308,0
39.500175,26.976175,0
-29.882444,25.515194,0
9.59937,26.076714,0
9.397474,25.879042,0
7.514236,45.71671,0
37.55933,32.652683,0
5.654205,20.452286,0
-3.9639215,22.421919,0
2.1825647,20.880497,0
6.932638,17.545822,0
12.165667,23.855919,0
2.7120087,22.556292,0
37.22781,32.76981,0
18.89504,13.227041,0
29.324503,34.342697,0
41.21947,32.4819,0
43.86308,30.689463,0
-8.106096,42.835102,0
16.5132,38.71979,0
4.840454,15.572063,0
1.4223571,20.54857,0
38.842934,36.483696,0
6.496513,37.942154,0
42.50206,30.684141,0
19.9671,32.023388,0
36.290154,36.186058,0
9.340081,22.923676,0
4.887261,20.906305,0
-14.917021,56.38797,0
31.503752,35.615334,0
33.89669,38.265717,0
6.045137,45.678955,0
25.584698,37.318268,0
41.002457,37.07893,0
6.139458,20.42466,0
2.4309936,18.527155,0
26.570072,32.147015,0
-31.606102,25.938053,0
7.220657,20.298647,0
37.482567,30.991142,0
42.797134,31.365349,0
42.922733,30.871613,0
34.988003,40.328518,0
37.330063,39.745373,0
20.544142,37.456352,0
20.050995,40.299313,0
5.9454055,45.730934,0
-1.0353638,40.466465,0
39.975357,28.982462,0
33.092743,34.406693,0
9.45673,24.237293,0
16.613651,30.37897,0
44.606205,36.40162,0
27.233538,30.675772,0
4.256006,18.50611,0
3.2082016,18.272017,0
14.359827,37.52946,0
25.80362,31.86488,0
-2.8449175,30.605274,0
20.308176,43.054077,0
14.596354,38.308487,0
-30.34941,24.96274,0
24.805687,32.610497,0
28.347351,29.297392,0
8.992226,22.12856,0
37.61558,39.753944,0
39.272522,37.600044,0
7.2165523,20.970797,0
7.4376426,21.169193,0
30.89344,35.69757,0
14.062065,30.185928,0
37.52265,39.74359,0
14.99231,30.001245,0
13.899925,30.380856,0
14.479067,29.911856,0
30.85873,29.496296,0
11.703975,20.443888,0
39.12338,36.866917,0
-9.842302,17.424822,0
22.093273,43.152794,0
39.45343,37.860294,0
34.537735,34.367615,0
-1.9062064,23.582832,0
-1.2258937,23.516304,0
35.52566,37.557926,0
-1.2651654,19.880087,0
-1.8534683,20.18487,0
16.526926,30.39893,0
35.549793,37.46529,0
20.517586,42.773422,0
7.4160004,22.470583,0
29.564764,39.07171,0
11.631352,27.29687,0
29.187937,39.64982,0
13.167129,34.833496,0
40.215324,35.722687,0
7.488732,22.89173,0
-12.727478,52.41115,0
-31.931704,25.826729,0
29.898535,36.87562,0
22.88357,24.966509,0
-0.2597689,15.533399,0
14.146771,29.85579,0
28.864473,40.118584,0
30.062155,36.68463,0
20.9812,44.369415,0
31.12505,28.945633,0
42.786736,38.025414,0
-0.24326691,15.572653,0
-3.0161293,20.64952,0
20.757538,43.508533,0
7.8797407,16.229319,0
30.219784,34.55416,0
-6.3282776,47.513523,0
-21.345894,56.447918,0
-4.90233,55.233753,0
6.5722284,31.791185,0
4.0302463,53.907875,0
-3.0587547,-11.110379,0
-3.7696993,-16.247528,0
1.0852453,63.312065,0
0.98644245,63.2281,0
-7.162731,-10.077529,0
5.138667,54.543156,0
-8.362816,25.585064,0
-6.05004,-18.545774,0
-12.277245,58.232147,0
-11.619851,54.67676,0
-1.4189103,-18.89641,0
-11.916844,47.19981,0
-15.34731,46.364864,0
-6.696666,-9.81996,0
-28.197851,30.374989,0
39.67793,26.415174,0
-5.745986,-16.907759,0
-6.9661403,-9.936465,0
12.59319,65.45153,0
-22.744719,56.793674,0
-2.5436893,58.808235,0
-10.998307,59.8952,0
24.67885,20.07684,0
25.529251,20.237946,0
-3.9456768,69.45028,0
9.399888,62.590252,0
-5.3536873,48.11056,0
10.96736,69.202286,0
-1.9542916,-9.85011,0
2.868026,29.956646,0
-23.72648,46.625698,0
-12.19232,58.36128,0
1.1793153,60.40306,0
4.7355456,60.587814,0
-2.5030637,-12.718065,0
3.9192395,29.540781,0
-1.2751372,-7.6903973,0
14.75965,25.70251,0
-23.372107,56.293945,0
-6.7018013,58.888363,0
-18.761755,52.89899,0
12.360933,67.15732,0
17.58004,69.71055,0
-35.314114,40.58499,0
-35.325077,40.585712,0
-22.900421,55.232388,0
-33.23503,50.8454,0
15.578789,65.99848,0
4.870872,69.27801,0
-1.3521353,-12.0779295,0
-16.795244,47.11104,0
-16.58332,47.06113,0
8.807826,65.94805,0
8.667687,65.98005,0
-13.421163,57.935738,0
-13.086339,56.050568,0
-4.0711775,59.88065,0
-21.622591,58.293064,0
-1.5815109,-9.075978,0
43.168026,25.54953,0
-20.615728,15.957789,0
5.9442773,69.08729,0
1.0747453,-10.778602,0
-21.60407,59.419415,0
-17.942606,54.100098,0
-2.6047394,-11.3522415,0
-3.5423205,-10.924665,0
-30.97244,40.306744,0
-4.3182163,64.09981,0
14.657227,25.678604,0
-4.4760814,62.956768,0
-6.3947296,-19.078827,0
-4.532991,59.851997,0
3.2468529,61.883244,0
2.6451962,60.107117,0
4.4367476,65.57081,0
-13.651984,43.56497,0
-13.652196,43.56434,0
-33.208282,44.386253,0
-5.0089917,45.943035,0
-17.5695,46.8505,0
-11.595206,61.27267,0
2.3135006,59.830524,0
-5.4450226,65.87941,0
-26.553888,57.55235,0
4.8911214,66.98636,0
-3.5547051,71.667015,0
-0.7258717,64.07872,0
-3.288096,60.85349,0
-3.2802336,60.843967,0
7.1656365,31.694628,0
1.7481611,63.48995,0
3.0658789,64.675766,0
5.116663,60.855274,0
-21.304995,13.844097,0
-6.0176764,-7.0268292,0
-5.183483,-16.250006,0
-9.060944,60.736965,0
-2.3139837,61.224934,0
-29.665508,50.460835,0
14.304857,69.44082,0
14.431665,69.78552,0
5.418811,64.51141,0
-24.340425,59.656197,0
46.555195,25.000164,0
-19.151653,61.126728,0
-2.6429586,-15.07817,0
3.1435623,60.119194,0
3.1497593,60.15508,0
4.053634,60.362225,0
0.4829933,64.097565,0
9.487884,73.23446,0
9.462576,73.30667,0
-8.081836,59.69915,0
-13.883045,58.314266,0
1.4260623,61.93685,0
36.099342,26.53718,0
-7.3220296,70.45661,0
-1.779232,-16.872547,0
-22.477427,59.374584,0
0.99774176,56.62867,0
5.870041,32.70059,0
5.760235,32.949642,0
-1.2637746,-7.1396456,0
-7.3298364,70.18238,0
-7.335548,-12.326355,0
-4.458339,64.755035,0
-9.935084,67.36521,0
-1.6575437,-17.160038,0
-6.533301,65.732216,0
3.269952,67.59296,0
9.02208,64.85115,0
9.11504,65.14461,0
10.222119,65.68988,0
-18.819878,56.69168,0
37.68616,27.401764,0
35.970703,27.832922,0
-13.53619,60.03109,0
-6.3212247,62.84324,0
-6.3236923,71.56516,0
-11.758149,61.289265,0
-16.089272,9.048381,0
-24.967468,10.638011,0
6.7586417,66.490204,0
-33.195488,51.35679,0
4.22924,65.21918,0
17.029356,65.980415,0
17.02345,65.99079,0
-14.680971,54.166664,0
6.84456,62.57295,0
5.9435573,62.488102,0
-24.332512,41.37094,0
-7.2747345,61.0095,0
3.5741653,70.07333,0
-24.47438,3.096998,0
17.263145,66.99471,0
-11.493661,61.481174,0
-23.784018,57.984127,0
-2.4603941,71.74082,0
-3.2653828,71.684975,0
15.527387,66.292564,0
15.335265,66.11836,0
-12.704952,68.28846,0
-12.845627,68.26678,0
0.70567024,41.721638,0
0.7229442,41.692307,0
-22.76555,11.166852,0
0.88574934,41.386497,0
0.39557365,-11.538543,0
11.502735,68.31494,0
-29.25583,40.38863,0
35.25981,8.916257,0
11.666894,69.15022,0
0.50657505,42.124935,0
-4.1247654,66.493904,0
-2.662869,-6.5206966,0
-14.7318945,41.118225,0
-7.008564,59.55811,0
-5.6766157,-11.61412,0
-4.6162353,65.08547,0
8.041098,71.189575,0
-8.356188,72.74993,0
-18.790844,56.904003,0
0.5698052,-11.457409,0
6.520735,69.17727,0
-28.24581,12.2152815,0
-26.758354,58.784065,0
16.746609,68.244934,0
16.658548,68.26841,0
5.5340405,62.42364,0
-16.195648,62.630684,0
-2.1134436,63.28282,0
-8.89217,64.46945,0
32.79762,14.718015,0
-22.594383,58.29746,0
11.683235,69.06061,0
-12.581805,65.38023,0
-23.052864,-12.820964,0
5.5080786,62.19536,0
-24.41139,2.6203635,0
-24.350096,2.1284134,0
-4.9429164,-1.4251132,0
-15.22798,60.234364,0
-2.9668562,-18.29999,0
-1.5435566,-10.522499,0
32.18655,13.349811,0
26.85306,36.94622,0
-15.377421,61.915276,0
-4.3961096,65.43612,0
-18.722229,56.457912,0
-13.295745,-16.03025,0
-13.072502,63.734615,0
-9.28502,64.85327,0
-14.298393,62.204193,0
-27.713524,11.086146,0
-32.56096,50.84565,0
-32.533276,50.846363,0
7.215787,68.10115,0
5.127477,65.97133,0
5.2865148,64.56644,0
46.066235,25.512575,0
3.3268087,68.54125,0
2.2615666,56.12122,0
2.0154455,56.841022,0
-12.511759,60.878395,0
-4.257962,65.66032,0
-7.873073,23.827753,0
-0.892021,61.063877,0
0.048590053,52.117916,0
6.958715,68.49835,0
7.857347,69.70314,0
-2.7351687,63.13466,0
-32.405746,50.681408,0
2.9345748,-19.575865,0
-16.729803,57.720802,0
-13.899479,64.97036,0
32.006073,15.167598,0
6.304719,66.9199,0
11.5622225,71.25002,0
9.487336,70.36021,0
-2.2889347,70.34773,0
-1.298586,42.168236,0
-27.202984,11.23734,0
-4.4317985,-6.2952294,0
-13.885169,65.02279,0
-13.896454,65.07402,0
-0.950578,62.847515,0
-17.489275,67.37415,0
-17.480625,67.37939,0
4.883731,37.283546,0
-3.2604456,45.646843,0
9.600252,66.1889,0
3.554545,65.58012,0
-1.7558246,62.494568,0
-2.5874984,-6.611843,0
-31.762903,50.611183,0
8.494514,70.90667,0
-4.123632,-16.668713,0
-14.627362,62.255054,0
-22.095455,5.7556024,0
-7.381696,-6.14722,0
-7.295605,-6.2237806,0
-5.6821504,-11.390154,0
0.5795179,65.33183,0
-6.0606923,68.30905,0
-6.213659,68.48422,0
-10.700942,29.872423,0
-10.713125,29.833616,0
2.942924,-19.592766,0
-2.8672757,-18.955372,0
-1.4912765,-17.077154,0
-20.152002,62.858376,0
-31.28638,42.98693,0
-22.158092,63.293957,0
26.952528,38.377277,0
2.7218773,52.731743,0
-0.88418925,65.78855,0
-16.559286,61.539864,0
-8.346899,67.06667,0
-14.731284,40.08358,0
37.13936,27.01256,0
-14.7859955,62.163364,0
9.38215,69.18637,0
-5.9858117,-12.985874,0
15.712906,66.947556,0
-23.914322,5.667011,0
-23.979263,-3.2403026,0
-23.964264,-3.2504528,0
-23.916265,-3.289663,0
-35.490536,5.0309534,0
-31.054342,43.924286,0
9.065016,68.93092,0
9.542544,70.0153,0
-17.228827,48.054535,0
-3.2547705,-18.48983,0
-6.2233152,-6.8308067,0
-5.190326,-10.511723,0
5.721746,33.439293,0
-1.1585772,61.440857,0
-39.011368,6.257099,0
4.868321,72.517456,0
-8.304773,65.493744,0
-32.101852,45.317192,0
6.666508,70.047935,0
-25.53946,-17.908554,0
-25.377838,-17.912409,0
-23.99345,-18.00889,0
-24.560001,-17.943947,0
-23.348497,-18.144094,0
-27.120321,45.679134,0
14.5543165,66.96095,0
-12.984753,10.690561,0
35.849693,27.637995,0
9.808435,66.69909,0
-19.300985,63.967953,0
1.6556818,69.45304,0
4.8824024,72.55606,0
7.1813407,64.53372,0
7.6203885,72.06443,0
-0.6776385,47.744244,0
12.254734,72.47048,0
11.766485,69.65667,0
-14.236635,63.08994,0
12.072383,71.27095,0
1.6974038,65.49788,0
8.956505,68.30381,0
47.437572,24.372103,0
-29.4105,50.21239,0
1.1881809,64.6962,0
7.184658,68.10862,0
7.880367,63.117516,0
-23.449621,51.80984,0
-14.233298,38.465588,0
-14.225533,38.46943,0
11.137344,68.15099,0
-15.752766,59.79618,0
-17.643534,60.897896,0
-18.987076,63.944897,0
5.3483214,64.55092,0
-26.210146,57.652874,0
2.2778864,55.01688,0
-26.84355,47.056618,0
2.395684,69.39628,0
-8.877249,24.64952,0
42.4194,36.332043,0
-5.7487054,-1.6154392,0
13.3809395,66.032196,0
-8.097792,72.56375,0
-12.512774,39.82582,0
-12.709252,39.595764,0
-12.522051,39.816788,0
-0.14833586,64.717766,0
6.348204,67.75725,0
-28.993832,9.288473,0
-55.378418,16.018974,0
-13.716203,60.358833,0
-7.3078704,61.07236,0
-8.560693,56.684696,0
-20.77366,58.338066,0
-7.1302166,71.550026,0
-7.1555233,71.604515,0
10.0949,69.468414,0
-7.1347756,69.47654,0
-12.278734,61.379093,0
13.404751,68.73411,0
2.5295458,53.624718,0
-4.180804,-10.698099,0
2.4099565,53.80182,0
-30.059229,-48.31789,0
-29.203896,-47.738194,0
-29.522314,-47.95693,0
-23.85534,58.609005,0
-7.2218046,69.0293,0
-8.947347,25.116093,0
-12.605689,60.843067,0
-13.246643,63.779255,0
47.33844,24.437828,0
17.753195,68.23405,0
-16.34581,64.68451,0
-16.337238,64.709274,0
11.611079,57.812904,0
12.130334,57.90438,0
-1.5446502,-14.489103,0
12.917341,56.84097,0
12.190051,57.883045,0
12.113264,57.977425,0
-1.1312106,-12.675444,0
-6.5080667,-13.662015,0
-6.4644203,-17.613592,0
-13.661907,47.526672,0
-13.676862,47.524128,0
-3.1506197,-8.781205,0
-9.641781,57.13211,0
11.258487,58.685562,0
7.842888,26.704391,0
-9.31363,52.373844,0
15.264142,61.80201,0
-1.947126,55.74484,0
-20.047106,33.06925,0
-21.76743,32.948612,0
-22.02447,33.879135,0
-22.263584,34.15491,0
-23.292505,34.26286,0
-22.626186,34.99657,2
-19.790382,52.987022,0
9.772398,59.038895,0
-22.665546,35.573586,0
-9.553546,47.49103,0
-0.15527476,64.97521,0
-7.741212,55.98758,0
5.4147325,66.47042,0
5.5610385,64.584854,0
-4.730947,69.226105,0
-0.8375531,-18.512926,0
0.07558834,51.98323,0
-14.90215,62.00143,0
-4.9739957,54.625572,0
17.23345,55.98315,0
9.03497,56.568752,0
-18.474638,32.288345,0
-18.519705,32.36732,0
7.968606,56.623734,0
-5.802841,54.421135,0
-5.469913,54.609093,0
-2.7119522,-8.550612,0
-7.1693015,25.940245,0
-7.5240073,26.752316,0
-3.8163202,57.606262,0
-18.25389,58.51543,0
-17.810768,58.437656,0
-14.928181,51.47926,0
-14.88763,51.49094,0
-23.177866,54.23394,0
15.20956,62.604736,0
-12.438838,63.81712,0
13.90531,46.198437,0
11.21894,61.915062,0
11.173753,61.880524,0
-2.1193762,55.501812,0
-26.719309,13.21663,0
-5.520936,-16.12212,0
-0.66015273,-17.209213,0
-12.334414,63.766415,0
-10.54896,67.475075,0
12.901967,61.511612,0
-5.7787695,-19.984419,0
-15.308386,57.797882,0
-2.403049,67.11055,0
-18.817759,63.77516,0
-20.960646,54.641273,0
-17.052994,51.248985,0
-7.451431,50.078136,0
-19.653017,52.95189,0
-27.55678,28.320023,0
-5.581977,55.1818,0
-5.1864934,-8.909063,0
4.9324474,54.499973,0
-7.4790735,54.092514,0
-8.964251,57.05346,0
-21.172173,53.13128,0
-4.317302,58.715923,0
13.314431,63.111526,0
13.312443,63.12107,0
-2.2446482,62.27672,0
-2.4886305,55.831875,0
14.121891,45.961163,0
-19.355194,37.49477,0
-19.4117,37.511864,0
-19.367088,37.516644,0
-7.106851,50.71112,0
-4.476216,58.927605,0
-30.002945,50.67895,0
-9.995585,54.45109,0
12.422384,58.384903,0
-1.8987763,-8.564445,0
-5.039207,58.612198,0
11.579835,60.18902,0
11.647355,60.16636,0
15.247698,64.09963,0
-2.5486646,-10.092457,0
-1.4618039,57.865273,0
-4.7208686,67.65643,0
15.000097,44.999027,0
-10.857591,67.463974,0
-9.8339405,54.61366,0
13.0120325,61.57352,0
15.358129,26.008362,0
-25.720446,53.0653,0
-28.169424,13.412542,0
-20.01484,-11.90639,0
-20.04342,-11.962027,0
-20.057205,-12.004374,0
-9.771599,58.28629,0
-24.325094,41.37253,0
-2.9496343,58.430996,0
-22.501827,55.693325,0
-11.64024,57.78743,0
7.0679426,57.10266,0
7.4551315,56.79268,0
-3.2400908,-18.524004,0
-8.846853,25.045893,0
3.154832,67.96366,0
-7.4601703,53.867996,0
-24.238035,34.05947,0
6.3449974,65.45127,0
36.02975,29.510653,0
-4.481612,56.58316,0
16.936243,65.152306,0
10.487782,71.70102,0
-11.524579,54.954792,0
23.586077,20.187813,0
-7.831884,56.626274,0
35.657722,28.80459,0
-2.00283,58.61451,0
24.57209,21.79997,0
-6.961665,46.323532,0
-6.145577,-9.370411,0
7.8742847,67.613846,0
0.79393494,60.640728,0
-2.3488178,60.2968,0
11.128481,60.72747,0
-6.1806874,-16.9609,0
3.283864,57.666336,0
2.476759,57.783432,0
-10.739165,53.9104,0
-5.6006093,46.250866,0
-11.106412,54.951565,0
-10.663602,53.994392,0
-27.391624,56.23118,0
-8.397192,56.787743,0
-11.600483,59.40015,0
-27.136993,56.760227,0
15.256471,63.90854,0
-27.044104,12.238288,0
-11.642663,59.568306,0
-9.195181,58.375195,0
-9.914078,54.95239,0
-4.8924212,53.086334,0
-30.83564,40.262337,0
-12.128199,58.19352,0
-11.33116,54.197212,0
-19.778814,41.673927,0
-5.6151085,40.23314,0
-32.001156,45.58385,0
-2.2970185,65.12924,0
-34.965157,6.5654554,0
-50.207005,28.46228,0
-2.6535091,45.51052,0
-2.0777056,-18.112839,0
-8.313155,67.017136,0
-5.27471,-8.6921015,0
14.752458,57.458126,0
14.652469,57.428997,0
14.341366,58.124306,0
14.651832,57.6278,0
14.341771,58.124325,0
-33.2661,44.30673,0
-31.298769,42.285828,0
-16.156017,41.60856,0
-16.103268,41.602177,0
-31.440266,40.065296,0
-32.380978,40.23587,0
-32.27981,40.242508,0
-24.427065,56.584625,0
-19.078817,50.476433,0
-2.9373088,-13.132132,0
-5.413851,61.593266,0
-13.156114,52.901093,0
-13.895628,53.918514,0
-5.5122094,-13.737945,0
-14.772938,54.175274,0
-15.049921,41.371254,0
-6.5888367,-12.638761,0
-11.91836,55.568405,0
-4.3073235,45.57742,0
-3.792592,40.662823,0
-12.856156,-16.29406,0
-12.649312,63.151585,0
-29.011484,9.359435,0
0.9212158,56.726116,0
-6.649351,64.20393,0
-9.037031,46.819588,0
3.1915536,65.22813,0
25.948206,17.0389,0
25.87703,17.13539,0
25.689564,17.308897,0
2.5541472,44.85947,0
2.489463,44.882412,0
2.4894497,44.88255,0
2.5294478,44.863186,0
-1.8632686,39.230515,0
-24.006811,15.823688,0
29.080446,25.033386,0
-32.514793,12.487471,0
-32.507843,12.4888,0
-45.350098,6.50233,0
-23.168186,19.849009,0
42.70888,37.776142,0
28.87506,23.090397,0
7.4420986,28.030941,0
-32.137917,17.30178,0
18.54773,17.367537,0
13.813395,21.040337,0
-24.009958,22.074297,0
-23.764343,22.618454,0
-37.867256,7.6974916,0
-44.733063,21.741507,0
-44.832325,21.638607,0
-15.492874,-20.16582,0
-37.853745,14.437061,0
11.628692,13.65951,0
-41.698418,9.541483,0
-30.978245,23.9862,0
-36.687794,20.020565,0
-33.187786,15.792939,0
-59.5343,18.836994,0
-44.99459,13.664477,0
-38.19941,17.815538,0
-30.721565,24.266893,0
-41.266422,8.247414,0
-53.903572,9.238449,0
22.841682,-36.941105,0
-41.231342,7.360661,0
-32.68925,22.297974,0
-27.56095,16.511463,0
-61.63022,12.383406,0
-61.508354,12.58597,0
-61.349598,13.01436,0
-47.849747,15.202149,0
-32.688175,-17.560213,0
-32.573975,-17.936012,0
-32.568573,-17.805954,0
-47.026447,5.8598266,0
-17.916693,6.6136103,0
-18.225203,6.907608,0
-18.579733,6.965482,0
-19.030052,7.0763106,0
-19.361067,7.1877193,0
-22.662876,-0.049186952,0
-58.827168,15.638741,0
-3.3730195,25.369455,0
-26.873991,-2.7634754,0
-26.824343,-2.7383006,0
-60.01756,18.6556,0
-60.024464,18.665583,0
-41.372444,6.768378,0
-37.742218,10.363375,0
-37.723038,10.347347,0
-37.68402,10.336077,0
-48.64628,12.712848,0
-29.671309,11.489135,0
-49.028255,12.8558655,0
-61.92202,11.287886,0
-30.366745,-18.458391,0
-38.521687,19.398088,0
-37.14453,19.399042,0
-37.44708,19.068789,0
-30.888845,5.554806,0
-26.999239,-23.614311,0
-26.97862,-23.593582,0
-33.134853,21.33142,0
-16.45792,10.65393,0
-23.659433,13.920276,0
-21.467352,14.109908,0
-24.788355,13.244774,0
-17.15254,26.8905,0
-17.000277,27.639803,0
-13.805807,13.088768,0
23.118547,15.942549,0
-30.823624,15.71129,0
-18.873987,14.28467,0
29.59551,3.1368709,0
-15.2068615,14.065574,0
-15.826564,14.2625065,0
-25.778471,12.947783,0
-17.565166,22.912468,0
22.747034,16.567665,0
-13.269606,20.799204,0
-14.739573,10.358833,0
-43.44637,13.852381,0
-23.957563,7.931898,0
-24.061094,8.015496,0
22.191607,16.331404,0
-24.574472,8.698278,0
-24.737757,8.855045,0
-14.860632,10.500129,0
-32.529106,-18.458221,0
21.396503,17.089455,0
-15.008808,9.583396,0
15.024363,5.4974966,0
-13.599442,9.375676,0
-22.411957,1.9317069,0
-54.846436,14.292277,2
-54.92956,14.408093,0
-25.285706,14.694199,0
-22.322424,17.679667,0
-29.202812,21.909496,0
-21.903835,20.837845,0
-23.043238,16.739958,0
-21.969906,21.42676,0
-25.545725,13.576455,0
-24.434511,13.355026,0
-21.680426,22.453964,0
-19.916842,19.291769,0
-13.435601,15.783457,0
-22.529543,17.559597,0
-21.851545,21.079798,0
28.65189,24.53745,0
27.342077,23.869894,0
-13.397297,15.543484,0
-20.521608,17.233673,0
-3.460463,24.460052,0
-26.799849,15.327149,0
-13.1834955,16.247688,0
-18.54537,21.788355,0
-18.859287,22.331303,0
-14.952344,13.787692,0
-18.534945,14.740953,0
-25.949312,-47.35961,0
29.29453,1.8471361,0
-23.713026,15.42967,0
-20.743015,23.318115,0
29.283562,1.8388578,0
-20.625526,16.666817,0
-18.462927,2.6280642,0
-18.253576,2.9272058,0
-18.35763,2.7910705,0
-31.51084,20.359453,0
-31.37427,19.97322,0
-15.239726,13.845219,0
-13.979401,7.329889,0
-24.649796,10.356568,0
-14.0319395,12.674459,0
-25.818127,9.338315,0
20.273727,18.250612,0
7.4847207,-4.120699,0
-25.816631,9.922649,0
-23.506351,10.488886,0
-14.653179,12.192944,0
-15.858521,13.440509,0
-37.59426,7.736484,0
-36.69546,7.799062,0
-16.221962,10.457408,0
-13.98408,7.1038575,0
-33.308765,17.460035,0
20.803364,16.760895,0
18.778156,17.573618,0
-13.71863,9.72788,0
-33.392136,20.177607,0
21.064016,18.420725,0
-13.32863,9.835251,0
19.363941,16.03216,0
20.200472,16.832863,0
20.211096,18.12071,0
-43.262833,7.477334,0
-22.719938,9.934239,0
-13.948575,7.821109,0
-22.803923,8.916281,0
-17.75702,18.264206,0
-17.977215,16.797909,0
-22.832607,14.113674,0
-23.420736,14.091581,0
25.930815,20.517952,0
-13.84264,15.5103245,0
-20.442307,23.178131,0
-33.04652,21.194193,0
-32.96961,22.56121,0
-30.089434,18.872355,0
28.61415,24.663048,0
-23.67163,10.490085,0
13.206076,6.325308,0
-17.294233,13.197151,0
-30.995853,15.857151,0
-25.699564,10.874989,0
32.28679,32.374165,0
32.592598,36.998013,0
-44.973038,18.987791,0
-45.155914,19.048662,0
-45.160484,19.044771,0
-6.821679,8.48731,0
-6.893752,8.490163,0
-41.35476,19.186012,0
-41.35708,19.177925,0
-33.01726,15.915139,0
-47.509163,20.197447,0
29.945429,18.590929,0
29.895485,18.240189,0
-19.372282,22.63108,0
-21.447357,18.237232,0
-21.724411,17.969757,0
-35.241207,22.49128,0
-35.287937,22.484663,0
-23.585733,15.069283,0
28.987751,17.72902,0
-56.98126,11.453074,0
-28.322657,20.613811,0
-47.27245,21.265724,0
-30.04301,19.025387,0
9.328576,20.55021,0
-38.94812,16.384604,0
-38.97051,16.6238,0
-30.028563,22.528904,0
-38.47168,15.324325,0
-46.50657,21.422123,0
29.63528,18.03432,0
14.9527025,5.7098565,0
-44.859753,13.033112,0
43.79136,36.038113,0
24.547483,22.22854,0
-21.504921,23.595043,0
-47.370003,20.955488,0
-47.692604,21.375834,0
-11.683856,8.420931,0
-29.820223,23.342016,0
-35.521797,14.054065,0
-36.136696,15.246131,0
-36.224964,15.002205,0
-12.621832,15.51225,0
-25.460339,14.410712,0
28.773901,23.613981,0
-24.159098,20.21221,0
-12.405268,15.514763,0
-29.629566,22.174608,0
-22.0548,19.839544,0
-24.986609,14.843066,0
-25.048979,15.591257,0
-25.559692,13.75602,0
-30.558004,21.87141,0
-30.759874,21.303293,0
-23.380878,21.37158,0
-18.897116,16.68881,0
46.083717,34.85281,0
-23.638975,13.522173,0
-55.688904,9.707576,0
-7.802229,9.005272,0
-21.575514,1.5511439,0
-15.195243,20.948269,0
-11.58589,13.93554,0
-31.289017,22.885588,0
-24.99187,-0.026899751,0
-24.778236,-0.33453333,0
-24.28128,-0.48529333,0
-23.69473,-0.57708323,0
-30.212347,-18.459032,0
-1.4429363,31.612238,0
-54.753174,20.522,2
-1.8440396,31.885372,0
4.316523,18.407625,0
28.085056,17.3294,0
35.968147,8.069681,0
-16.26117,7.9205327,0
-23.01671,9.845279,0
8.531236,3.2248116,0
-5.3612094,17.86845,0
-42.786633,10.902586,0
-42.83011,11.013177,0
-43.045418,11.0590315,2
-0.80115885,20.198895,0
-2.1686053,20.983387,0
-13.273163,35.123287,0
-20.706898,10.046991,0
-20.710712,10.025796,0
-17.095089,21.584068,0
-33.23676,5.54925,0
34.30493,33.10461,0
-42.340004,8.380918,0
-42.58466,8.058066,0
-11.930922,15.450083,0
-30.707838,20.479004,0
-19.329048,12.182402,0
-19.351782,12.172164,0
-23.330774,11.953049,0
22.635733,17.978136,0
22.443724,18.142996,0
37.820213,25.91339,0
-41.742638,10.148968,0
-38.60521,13.193655,0
-45.325375,8.571953,0
-45.284393,8.569165,0
28.766754,21.675934,0
-45.015236,5.1335287,0
27.021154,7.690954,0
-29.048521,-17.349566,0
-29.091406,-17.35488,0
-45.189377,3.9561188,0
-40.381805,12.389324,0
-40.383415,12.324487,0
-17.227036,26.566597,0
14.346868,15.612608,0
-31.78794,17.539976,0
-50.67817,10.479561,0
-40.705185,1.7576323,0
-35.8442,8.181175,0
-33.193737,6.924244,0
3.516267,12.121348,0
-5.624306,-0.19597861,0
-36.4158,5.8268466,0
-35.252224,7.710271,0
22.687103,-37.234238,0
10.851229,18.248564,0
40.616493,17.807737,0
-36.52982,6.003492,0
-37.05657,8.543156,0
49.183037,10.417377,0
49.161858,10.398098,0
-34.62969,7.716938,0
-33.94519,7.700478,0
34.365055,17.719393,0
-35.252018,7.355349,0
-41.927353,4.269593,0
22.613474,-37.38523,0
-33.06346,7.418223,0
-41.940723,4.2721186,0
-53.27077,9.180328,0
-53.39447,9.037481,0
-50.734833,10.41758,0
-53.27862,8.970379,1
-12.107087,9.970594,0
8.230372,-4.022476,0
21.792122,16.44573,0
33.521378,12.915119,0
-22.941069,2.728496,0
21.13166,18.604965,0
-27.542694,20.1863,0
-27.966692,20.5078,0
-5.567014,-0.43423086,0
-33.87285,8.234166,0
-5.422908,-1.0254482,0
-41.426414,8.072523,0
-62.689823,4.0914693,0
-62.714306,4.0289636,0
-0.4886316,8.675447,0
30.257368,-20.080566,0
-1.0146422,11.7366,0
-34.27018,7.923384,0
14.743115,20.80576,0
-54.65891,8.99708,0
-55.3837,8.342158,0
-45.121975,13.536783,2
-33.32444,17.451925,0
-33.66236,20.48948,0
-54.9227,8.766388,0
-47.69189,20.321136,0
-27.229343,16.224585,0
27.619947,22.676844,0
-25.121815,17.596415,0
35.555103,20.567734,0
10.794174,20.106354,0
14.994671,44.139217,0
22.982607,37.451675,0
33.692364,33.059086,0
38.172012,30.903528,0
30.282179,29.207893,0
9.445085,41.01833,0
8.132889,38.744686,0
19.762268,40.390488,0
36.42825,31.419142,0
8.161858,40.964264,0
8.4386635,40.22036,0
24.40328,37.78386,0
40.718666,32.12509,0
36.83358,35.194286,0
40.60646,29.886303,0
12.040529,67.77966,0
8.067409,42.05284,0
38.305,28.739544,0
7.845238,40.825253,0
22.95077,-15.742176,0
22.950867,-15.742202,0
22.95061,-15.742522,0
16.849356,-40.750977,0
16.437777,-47.23521,0
48.59842,-7.0842085,0
38.85314,9.909955,0
12.643543,-47.57123,0
46.17236,-12.686351,0
16.138752,-28.975157,0
16.819399,-41.26823,0
-4.269316,-21.14443,0
-7.678088,35.24527,0
-2.9536881,37.282253,0
-2.9848547,37.467262,0
-8.629605,35.87446,0
-2.6884663,38.71644,0
0.36984253,37.65851,0
6.312427,42.637573,0
8.550679,-19.893126,0
10.757275,39.535458,0
-17.690495,-7.064518,0
-27.722364,8.533868,0
-10.783943,5.1084466,0
-10.756923,5.0996346,0
5.468195,17.694345,0
-4.1430297,-52.962944,0
-4.1038356,-52.848007,0
3.4183197,-36.904675,0
3.4071226,-36.80601,0
3.1966565,-35.75335,0
-3.4432092,-51.43672,0
-3.6046572,-51.70148,0
9.598006,-23.218674,0
-30.807035,-1.7305499,0
-30.806274,-1.7307054,0
35.36817,17.8686,0
34.880512,13.601515,0
34.580402,13.127725,0
36.26063,8.442662,0
-5.1299806,23.652372,0
-13.205282,-16.270332,0
-1.5267303,3.7118683,0
9.702811,-15.583017,0
26.766249,12.810071,0
29.413202,12.113348,0
29.701508,11.493469,0
17.63879,-30.522163,0
-18.201035,-43.787167,0
23.999237,7.1886325,0
25.628004,-58.226147,0
24.612833,-32.671623,0
11.123995,-1.113149,0
-23.21054,-40.2931,0
-34.26033,-34.983273,0
-26.415342,-10.546176,0
-38.35668,-23.078306,0
40.687794,16.852581,0
35.478306,4.940121,0
-21.137741,-30.05959,0
-20.638557,-48.036728,0
-11.3904915,-1.0930864,0
-25.847984,-30.864628,0
-21.55003,-41.656414,0
32.724304,-48.290478,0
13.814914,-55.5113,0
1.6391592,-31.90159,0
-13.581167,-3.8169453,0
-7.172599,-38.834747,0
-37.091957,-35.972553,0
-35.829662,-12.1010065,0
-35.75248,-12.183018,0
-35.520775,-12.441642,0
-35.23427,-12.590148,0
-35.055927,-12.667855,0
-4.109023,-25.805298,0
-19.555153,-42.699646,0
-30.670507,-30.657152,0
-4.991164,-37.836044,0
-7.9441767,-36.5639,0
-3.9155393,-45.487663,0
-22.056288,-29.36045,0
-13.170271,2.4651496,0
-21.237095,-60.481853,0
-34.46448,-36.946796,0
30.460274,12.480256,0
30.74264,12.194061,0
-24.974005,-32.309868,0
11.965626,-61.444374,0
-37.717014,-25.819185,0
1.8154528,-55.881535,0
-25.137636,-38.175682,0
-13.611929,-61.177162,0
-1.8721113,-26.589767,0
-35.175156,-50.976143,0
-2.2579358,-30.629065,0
-38.377834,-50.380657,0
39.384174,-6.2268944,0
40.23966,-7.1336823,0
41.759747,-10.627687,0
-26.421127,7.209335,0
6.65767,-47.23786,0
-26.063847,-37.065437,0
-7.599386,-39.016945,0
18.24886,-58.071064,0
-18.884796,-37.65371,0
9.053393,-4.426379,0
7.438841,-18.015532,0
10.785449,0.263456,0
-33.5101,-33.262676,0
-62.16311,5.689277,0
0.925216,6.742682,0
4.844174,2.42274,0
-4.0062656,-46.7562,0
-4.03794,-46.697994,0
49.171444,8.143846,0
5.7693124,-46.017216,0
-36.09596,-35.34224,0
55.2638,1.7606317,0
8.965256,4.7089615,0
21.68826,-44.356037,0
20.071537,-45.46546,0
-4.367744,-28.71107,0
-31.239521,-36.175278,0
28.598307,-6.411803,0
28.339096,-7.2087812,0
28.373348,-7.0776243,0
28.183674,-7.418401,0
4.224154,-43.16361,0
12.076567,3.8599198,0
-33.378006,-29.367779,0
13.357706,-51.746532,0
-25.20066,-10.854526,0
6.364397,-63.686325,0
8.741804,-55.30546,0
-3.4925418,-57.89622,0
-12.606835,-54.023895,0
15.125843,-45.222218,0
-8.648454,-45.11698,0
28.01041,14.730615,0
27.297863,14.233918,0
27.617815,14.249326,0
29.004469,13.460173,0
57.402588,-0.24395634,0
-22.4505,-9.00347,0
53.321594,-0.2641798,0
6.688943,-56.11852,0
2.3885899,-65.22898,0
-38.394783,-23.931736,0
-39.24765,-26.47417,0
-27.875319,-12.966419,0
6.3569074,-45.17498,0
2.4453416,-63.27705,0
17.043274,-2.492928,0
42.031574,-12.567017,0
41.953846,-12.816902,0
10.64832,-37.27723,0
-37.818146,-39.368835,0
18.315552,1.5223095,0
-20.726679,-32.714542,0
19.27847,1.2908714,0
18.409464,-47.436424,0
-36.616676,-21.79038,0
-4.9465303,-27.351088,0
-11.136844,-56.215897,0
13.454932,2.1585972,0
-60.302673,7.2690887,0
26.874237,12.680915,0
29.651545,11.777231,0
-29.351603,4.4239964,2
13.356334,-56.523598,0
3.897901,-42.08154,0
10.172949,-50.279358,0
11.765324,-34.33864,0
13.130908,-35.426254,0
-17.080883,-57.776653,0
-34.53457,-24.904531,0
-29.278,3.9651775,0
9.691596,-57.589138,0
8.632985,-59.99604,0
-8.31923,4.713468,0
-8.159326,4.647434,0
-7.909228,4.529703,0
-7.6816707,4.4169917,0
8.046021,-14.062342,0
-1.7317265,-25.140366,0
36.350784,-6.208566,0
42.740227,-8.792366,0
57.319355,-0.1368611,0
-2.44453,-38.8674,0
-5.0978127,-39.86373,0
8.960895,-50.26679,0
23.149563,5.6109486,0
-38.044613,-25.393452,0
22.37959,-54.10861,0
-31.005154,-41.35607,0
-27.301147,-43.809124,0
7.9041715,-44.31112,0
44.00679,17.262102,0
19.4224,-13.703445,0
-26.434845,-35.017708,0
22.883419,-53.64941,0
51.803043,5.805541,0
19.268995,-43.927505,0
-27.311333,-10.403081,0
22.249565,-5.018077,0
6.31103,-42.900185,0
-15.813996,-57.14527,0
4.33708,-45.437656,0
24.055666,-53.02502,0
31.971573,-12.8121605,0
32.788998,-16.56967,0
-35.052425,-38.517838,0
24.876726,1.0295249,0
-6.703955,-38.932697,0
-17.026176,-54.881744,0
-60.260983,9.275678,0
-12.707333,-45.8931,0
-0.9172287,-28.847973,0
3.400175,-60.606873,0
6.063065,-41.373714,0
13.604482,-45.86119,0
9.545361,-39.394264,0
-38.643375,-9.601829,0
-38.611263,-9.61962,0
-15.775714,-1.288032,0
3.697284,-65.03867,0
-6.2897677,-36.922165,0
-14.907215,-48.428165,0
-21.006834,-39.011913,0
-3.4352283,-37.910614,0
-35.523083,-34.199394,0
32.230427,-48.445946,0
-17.739408,-55.703335,0
-13.466852,-54.903965,0
-46.972958,-2.638055,0
-52.697468,-6.823098,0
-52.955345,-6.7482243,0
-22.046225,-32.738728,0
9.476281,2.8637936,0
4.427553,-53.422592,0
-29.04463,-44.056534,0
-29.431326,3.9166543,0
-12.436818,-48.332394,0
-29.391685,-43.793873,0
-35.30548,-38.79717,0
18.552637,-57.25043,0
-34.719856,-50.247105,0
2.4380338,-64.802345,0
44.84521,15.918545,0
38.6822,-4.644133,0
-35.5068,-36.909485,0
-6.6544,-37.217556,0
-39.165104,-27.275734,0
-29.283558,-54.353283,0
54.649246,4.587757,0
53.502785,3.0209754,0
7.7955484,-44.902607,0
10.485452,-2.80059,0
-34.71343,-34.78492,0
50.227707,12.410777,0
54.60205,0.0076188897,0
38.026653,4.5955076,0
41.89916,-0.4472205,0
1.9755282,-55.168205,0
-37.066944,-22.482946,0
-9.08954,-39.58674,0
20.86075,8.822575,0
-28.075964,-14.115462,0
23.660877,-54.032387,0
-9.188297,-39.637543,0
-34.309044,-50.31636,0
-18.435389,-26.905626,0
17.73019,7.1277895,0
36.54196,11.824181,0
36.576584,11.781781,0
-24.77714,-38.954735,0
6.0819592,-50.87824,0
3.8039756,-47.41402,0
-35.440754,-51.933624,0
5.729798,-57.271835,0
-7.7315955,-39.461136,0
15.446706,-49.136124,0
-0.8951303,-28.32582,0
-25.35411,-28.124514,0
-37.26529,-38.9856,0
49.69115,-23.093882,0
33.642487,-26.308498,0
20.813599,-51.065052,0
24.501337,-60.3648,0
15.325275,-49.83505,0
13.381867,-44.680737,0
10.162747,-40.40475,0
-3.3990982,-25.536694,0
2.4730086,-53.816086,0
7.199622,-48.079597,0
17.424639,-51.105022,0
23.323996,-60.908375,0
48.285442,-29.725603,0
55.207623,-27.340538,0
-32.78138,-32.183372,0
-26.234756,-43.049633,0
-10.999986,-45.958958,0
18.3538,-0.018770529,0
7.5471873,-6.193907,0
-29.027163,-26.551727,0
-2.9591053,-39.12761,0
-38.83395,-34.7995,0
-13.4189825,-53.08451,0
16.327654,-2.0364485,0
29.352684,34.284496,0
-49.59964,-1.8326817,0
-50.096684,-2.069632,0
-23.587969,-60.7825,0
23.310684,-51.373577,0
14.281378,-44.37933,0
-39.845913,-25.843306,0
9.782725,-38.543686,0
-34.705685,-51.46896,0
-37.413685,-48.715473,0
4.945256,-54.521797,0
-25.043928,-38.12608,0
23.443682,1.6745389,0
47.53103,-32.35031,0
39.375732,-34.67868,0
2.6039236,-55.610363,0
13.353269,-46.45965,0
17.530249,-49.708336,0
19.132769,8.65505,0
-27.014002,-31.530611,0
-15.876419,-57.417706,0
1.8006213,-62.194633,0
14.596537,-56.482113,0
11.489962,-4.1638193,0
50.251926,12.547153,0
36.732697,0.67387384,0
40.050976,-3.4272316,0
43.09426,-6.5542655,0
43.88318,-8.318532,0
43.748314,-4.1936703,0
18.872206,-54.417233,0
-28.128956,-31.757303,0
-22.256224,-60.636513,0
-31.705694,-31.403667,0
16.283314,4.2824926,0
23.680557,-53.73409,0
-7.1299186,-47.655956,0
-0.19221054,-31.91814,0
-36.1269,-52.735916,0
-15.38172,-24.44371,1
41.386272,-4.6256075,0
44.29597,-5.653163,0
17.707214,-53.247303,0
3.5459406,-56.871037,0
-9.026006,-44.460747,0
15.529199,-34.204956,0
-26.269049,-33.919327,0
-18.00845,-59.047092,0
-12.86864,-42.22072,0
-3.1216114,-37.602913,0
54.66078,5.2494464,0
52.613636,7.343006,0
-43.0629,-4.591686,0
-45.312126,-6.9732013,0
-49.01648,-12.735474,0
-15.41415,-57.631454,0
-21.05726,-38.97759,0
-25.677055,-36.09664,0
-13.186802,-48.490757,0
56.82157,6.1543894,0
-20.486334,-57.422817,0
-20.27801,-57.721943,0
-32.69883,-32.04892,0
-20.313242,-42.392384,0
17.120615,6.6580124,0
54.410545,-1.8820963,0
-51.976208,-0.73654157,0
-52.270473,-0.25160247,0
8.033701,-58.700012,0
-6.375709,-38.604637,0
8.238635,-51.229485,0
6.737332,-19.189411,0
-32.698742,-40.10621,0
-33.52226,-40.03055,0
-33.037685,-39.933464,0
17.286894,-48.34985,0
21.70644,-0.92817616,0
-18.33668,-57.452877,0
-11.739487,-54.93628,0
-34.674873,-51.18386,0
28.73878,10.350812,0
29.462055,9.478833,0
1.1493745,-16.319954,0
16.78019,-50.23676,0
-17.912634,-25.483814,0
5.266975,-55.72289,0
-33.73944,-38.37852,0
-12.686596,-56.352,0
-34.28473,-31.781597,0
-21.011333,-32.81202,0
22.343555,-50.614704,0
11.491767,-43.031002,0
8.980668,-43.97939,0
28.894527,10.178655,0
29.829199,8.759857,0
29.921564,8.40293,0
25.307241,-32.89306,0
18.875153,1.291389,0
8.329728,-43.04438,0
2.363403,-52.657635,0
9.538564,2.3140187,0
55.23039,4.6657057,0
16.223915,2.880476,0
7.2585855,-11.961879,0
11.98095,-60.533386,0
54.21746,-1.1090372,0
3.7045987,-2.8988097,0
3.704276,-2.8634307,0
14.47655,-33.479244,0
-19.91209,-57.022324,0
-14.038733,-62.279133,0
24.922918,-52.05392,0
-36.30345,-51.276524,0
16.098745,3.6081188,0
3.5256243,-55.2113,0
-12.758023,-48.999573,0
27.782574,-58.564342,0
23.863705,-53.979088,0
32.355488,11.407903,0
16.93625,-26.927237,0
1.3110876,-62.375385,0
-25.834518,-39.48023,0
2.8706796,-62.30236,0
58.027744,-0.8550387,0
1.3357772,-31.59723,0
-17.47181,-55.539917,0
-29.960342,-40.699806,0
9.238069,-57.556107,0
13.493751,-0.41665444,0
3.9198933,-48.079247,0
10.288373,8.334372,0
-0.35004276,-4.3531065,0
5.5271254,-18.962494,0
47.37893,10.882358,0
-32.298344,-37.40779,0
-32.36753,-37.232533,0
3.8966663,-57.46718,0
-23.166483,-36.570812,0
13.268117,-48.102467,0
5.7980075,-53.287197,0
17.71599,-51.46995,0
-59.985985,9.31291,0
-20.350061,-34.96548,0
0.7716813,-0.10050176,0
0.96947384,-0.27894354,0
-27.170622,-43.699825,0
18.446182,-1.789151,0
18.564936,-1.5028441,0
-13.6078415,-1.3560463,0
-13.52538,-0.82250684,0
-32.949944,-23.038261,0
-37.83863,-49.46376,0
6.7613273,-33.38926,0
-35.06634,-49.822678,0
-27.273802,-5.284726,0
-35.48792,-24.25107,0
36.88692,3.0614536,0
36.90327,3.0647483,0
36.795372,-7.7662,0
36.496326,-8.29238,0
-37.487534,-48.691727,0
-37.45,-30.341116,0
-37.494125,-30.22697,0
-30.193808,-53.13521,0
20.508799,-0.871079,0
-35.072727,-34.27398,0
-7.3481936,-40.763454,0
48.95339,8.086327,0
6.3882794,-52.746696,0
-15.370726,-58.369205,0
-35.593185,-22.518456,0
39.006023,0.09133593,0
44.55393,-7.6798797,0
3.2575605,-55.9361,0
-38.652546,-50.289646,0
-12.403524,-3.4302232,0
-0.22748072,-31.957905,0
-12.584935,-47.932537,0
-32.69586,-38.898014,0
17.082193,-6.4408565,0
18.01526,-4.6925616,0
-22.66659,-30.948149,0
-11.93091,-56.3192,0
8.848423,4.2638946,0
35.865574,1.098632,0
35.734818,-4.1325936,0
52.40718,0.484681,0
-4.761771,-27.718466,0
-13.590414,-62.10289,0
2.7860816,-63.706497,0
4.7441587,-65.66916,0
50.257027,-4.0057783,0
24.289185,-55.907448,0
-27.225407,-10.474975,0
7.667122,-46.155746,0
27.997017,-58.378,0
36.893764,1.5781491,0
40.81464,1.7680018,0
-37.233997,-28.092405,0
-37.406246,-28.046356,0
-23.418968,-60.865223,0
12.009107,-60.324146,0
-23.134394,-37.9398,0
13.932475,-34.879944,0
-33.769398,-52.002167,0
-35.49227,-50.573757,0
-17.853352,-57.685204,0
-32.306084,-39.35515,0
-18.386623,-26.089851,0
42.952915,0.15251887,0
43.236233,0.075305834,0
32.924183,-47.62116,0
-36.096054,-37.85714,0
-4.2041116,-28.214907,0
-34.882236,-39.522743,0
32.46918,-48.405025,0
11.12649,-1.4881818,0
10.020169,-0.42334923,0
-38.91575,-28.22302,0
-39.24305,-28.559414,0
15.369958,-53.252747,0
4.9036293,-47.15584,0
-41.1976,-6.8962293,0
-38.013626,-6.8619366,0
24.205603,-50.059605,0
25.511139,-53.8094,0
-37.66262,-40.082237,0
-21.842505,-60.669807,0
8.556278,-58.20292,0
52.228004,0.1646264,0
-20.6989,-42.897427,0
33.22649,-50.821045,0
2.5607445,-58.97627,0
-36.767113,-51.612503,0
-37.220932,-22.058151,0
-34.437668,-51.644382,0
-60.456585,-6.921016,0
-60.4394,-6.9189205,0
-60.43874,-6.92748,0
2.4800842,-56.623108,0
3.612636,-50.59884,0
25.258217,1.8106172,0
53.22106,3.4107587,0
-23.259775,-38.203148,0
18.857008,-0.18859975,0
3.1790056,-58.0416,0
-37.633083,-38.00076,0
-33.81851,-22.504032,0
-34.17003,-22.835152,0
-33.584797,-22.265596,0
-20.048645,-23.900541,0
-4.33632,-26.08653,0
39.593555,-6.653337,0
39.689175,-14.890309,0
-13.402751,-57.459103,0
7.523893,-18.456985,0
-13.178811,-44.186478,0
-15.171647,-63.181934,0
12.353204,-1.7623852,0
17.019794,4.315945,0
24.210863,-50.13988,0
7.9059854,-18.196362,0
25.625158,-58.540237,0
25.29294,-59.184933,0
9.153182,-57.38187,0
19.227575,31.553526,0
43.927296,15.193104,0
13.099302,-30.504189,0
-28.89667,-32.241894,0
17.358337,-52.45678,0
-14.929819,-62.88512,0
19.048906,-62.07873,0
-24.676426,-39.4624,0
15.52664,-44.945724,0
12.214312,-2.3960912,0
17.783821,-48.736046,0
27.929165,-58.465992,0
-35.370277,-51.321484,0
-42.5956,-4.7747836,0
-42.067017,-6.659687,0
-18.917835,-24.178965,2
0.80374885,-38.727592,0
18.380365,0.06328823,0
-24.77339,-39.705635,0
-34.797943,-37.83612,0
-37.47476,-51.973236,0
25.249226,-56.75598,0
-7.0081306,-46.06847,0
-24.694931,-29.392862,0
12.6377945,-43.322475,0
43.55059,16.292393,0
35.61646,0.24268408,0
43.815693,-9.277559,0
-26.701206,-41.417362,0
20.983624,8.694589,0
18.694065,-49.249058,0
-25.886345,-28.32883,0
11.317829,-4.552359,0
-8.245492,-48.087715,0
4.397867,-54.393303,0
15.213089,-53.261627,0
21.67294,4.7970223,0
3.850037,-65.37265,0
46.088116,-10.404868,0
46.290276,-10.591387,0
-35.927692,-38.661285,0
16.831985,-55.471203,0
17.564825,-48.687504,0
23.436518,-61.00715,0
13.526981,-0.47688347,0
19.886719,2.7895668,0
16.165096,-52.062267,0
-12.503235,-50.257618,0
8.277465,-57.759655,0
-58.747803,7.487676,0
36.919106,2.3120422,0
40.252777,1.7023664,0
-5.937692,-42.44641,0
-6.3672323,-44.80183,0
17.01977,-29.298216,0
19.942507,3.0196607,0
8.820716,-10.328246,0
16.876823,2.1112437,0
-38.96739,-47.49627,0
-4.273978,-39.40096,0
-11.125811,-49.698303,0
17.608404,-52.160835,0
50.71237,14.345275,0
50.72329,14.378826,0
-18.58767,-24.345581,0
5.356861,-45.515392,0
19.245853,-7.637182,0
6.093335,-42.04976,0
-6.371104,-37.777534,0
-19.400532,-24.187977,0
-35.43236,-14.629843,0
-5.221666,-44.17387,0
-4.8634405,-39.144478,0
-16.3775,-25.996332,0
41.416782,-8.311481,0
12.848153,-29.546442,0
-23.75511,-28.93374,0
-23.711006,-29.598024,0
10.158824,-39.008232,0
12.284932,-45.10054,0
-6.5572653,-45.146294,0
-14.41566,-58.06647,0
-22.901579,-29.360184,0
-5.7454863,-45.057205,0
-9.343042,-37.522774,0
16.059391,-52.220978,0
18.2654,-63.649765,0
3.8050125,-47.60687,0
41.716755,0.29863065,0
45.617065,-6.31427,0
-26.318045,-28.441156,0
1.4100168,-62.835857,0
16.568727,-35.562485,0
14.217567,2.924897,0
12.272484,-43.95486,0
13.248588,-33.545734,0
2.9802525,-55.507282,0
-31.540588,-38.924923,0
12.223446,-44.35239,0
-11.503075,-48.798363,0
53.245712,-26.506685,0
46.68752,-31.597162,0
42.930607,-36.026028,0
-27.209944,-30.562609,0
-34.122314,-35.334232,0
-29.937649,-39.736042,0
53.370544,3.160589,0
8.499788,-45.437904,0
14.28569,2.7285671,0
11.098148,-39.67867,0
51.762558,7.7802315,0
18.457813,-6.827709,0
-1.2946762,-36.25156,0
30.555511,-17.091623,0
8.971365,-28.216066,0
28.390696,-17.488638,0
-1.4467298,-38.288544,0
3.6484668,-54.24765,0
-31.572397,-31.136139,0
16.956024,-2.8322685,0
-1.0939031,-37.01693,0
9.616928,-30.38881,0
14.310565,-34.024628,0
7.6372294,-54.79911,0
-16.585247,-26.391834,0
-16.777378,-26.349627,0
1.6661054,20.697977,0
3.8139422,10.800479,0
29.71997,-12.020557,0
29.986311,-13.902144,0
31.246162,-17.031794,0
28.800821,-15.725099,0
4.9707007,-52.556305,0
54.247417,-0.56345314,0
49.028595,8.158284,0
-4.1648693,-29.133087,0
-1.3747448,-36.179226,0
6.334909,-10.920043,0
4.408859,-52.26417,0
-29.828642,-39.691074,0
20.599665,-49.8618,0
2.8235123,-52.784786,0
43.469128,-32.65557,0
41.494347,-34.519413,0
11.849676,-31.147476,0
17.275694,-36.077198,0
-35.455612,-14.009605,0
-15.394086,-40.873875,0
41.06267,10.661331,0
41.04054,10.498606,0
5.639926,-57.044243,0
31.789522,-50.67783,0
32.2382,-51.099003,0
-14.301429,-40.959415,0
-37.177776,-5.459408,0
-13.930931,-22.339151,0
-36.21188,-48.36231,0
-18.338083,-20.188595,0
-30.508753,-53.20661,0
8.707862,-55.247353,0
14.136609,-35.49933,0
9.250096,4.3347716,0
-30.801733,-33.72833,0
40.309704,-15.205771,0
-30.145346,-54.597683,0
-30.063583,-35.99998,0
33.604298,-25.234291,0
35.745827,-27.159311,0
-20.40053,-59.55853,0
-22.848034,-54.576492,0
51.86649,-0.5530796,0
-30.687426,-53.205524,0
51.068832,3.9790893,0
-15.989671,-50.1019,0
-0.5558636,-29.922516,0
-23.282738,-31.87717,0
-37.33624,-43.022316,0
5.4763894,-48.565773,0
-3.6351383,-28.798487,0
32.74158,-17.420084,0
8.945573,-24.281816,0
28.810146,-14.550818,0
26.569178,-10.636085,0
26.725786,-10.722367,0
-5.2802825,-27.661982,2
-31.441748,-39.23281,0
8.029311,-0.08747391,0
8.005478,-0.4997955,0
8.095351,0.53891695,0
8.103664,0.24134001,0
52.46602,6.7185106,0
-3.854186,-27.205103,2
-2.2317603,-29.565006,0
4.0738735,-45.942307,0
12.002991,-61.4336,0
-0.14288852,-28.821335,0
-17.708073,-39.207943,0
-46.887463,-1.6567198,0
-51.014572,-13.223704,0
15.912787,-46.58086,0
22.09452,-48.73951,0
-28.501823,5.335623,2
-33.707283,-41.017105,0
-20.844677,-37.945915,0
17.54371,-54.682972,0
2.9444318,-56.039894,0
24.134293,-55.626934,0
-36.36396,-37.80198,0
-34.41867,-52.33365,0
-39.970184,-3.2143815,0
-37.167538,-5.3937488,0
-13.635653,-61.116314,0
20.45158,-53.742317,0
10.190177,-37.88251,0
-18.001373,-60.449272,0
-12.324357,-51.186752,0
-22.87989,-60.067993,0
-31.57858,-40.767365,0
-1.248168,-29.90252,0
16.424145,-3.864354,0
52.99622,2.3844802,0
45.089058,16.91246,0
32.694553,-10.832137,0
26.54006,-10.230448,0
-7.9279394,-46.51711,0
55.112484,4.666151,0
-15.146805,-56.482098,0
8.759305,-57.854397,0
16.758001,-55.303226,0
0.2538205,-63.308556,0
-13.686808,-57.85432,0
-33.9559,-35.891365,0
-31.35991,-54.046753,0
-38.33809,-48.949474,0
-49.23719,-8.608155,0
-49.400173,-8.921333,0
8.354527,-34.701653,0
19.112888,8.725794,0
-59.461678,9.679247,0
-29.223671,-40.350613,0
18.538815,-51.137653,0
2.6571393,-62.033157,0
50.161697,7.720806,0
16.738438,-3.214938,0
10.532496,-1.966137,0
25.536854,-52.191822,0
-46.66525,-1.8204405,0
-51.196903,-13.03645,0
11.316677,-62.617485,0
24.228376,-53.4022,0
55.33735,4.6729712,0
-29.27293,3.303919,0
10.042831,-58.06367,0
-33.60449,-38.237247,0
-1.7176977,-36.264366,0
55.687603,3.4757535,0
3.9506502,-65.63168,0
2.6606789,-31.00655,0
-55.435715,-16.175941,0
56.4079,-24.707336,0
43.562737,-30.87153,0
-17.61627,-38.936195,0
10.112326,-58.238987,0
55.570724,-0.31228063,0
25.47139,-55.91316,0
-36.64459,-50.061882,0
-15.784953,-26.138283,0
-18.089502,-39.27887,2
11.054272,-51.437374,0
-29.00758,-26.542513,0
16.702995,-32.453968,0
-40.053864,-3.5580707,0
-39.87978,-3.6718898,0
-14.939434,-52.942223,0
-15.56564,-57.304897,0
-15.818653,-58.08043,0
10.814742,-59.3613,0
-31.518274,-36.46046,0
8.503293,-42.61369,0
57.54043,-0.53000504,0
10.848923,-50.761887,0
52.928806,6.551542,0
-7.200251,-46.629528,0
53.746788,-21.39775,0
34.431152,-24.249784,0
11.276746,-34.248745,0
12.535157,-34.208614,0
52.9446,3.1564152,0
1.9496074,-64.67232,0
-58.146313,7.552756,0
2.231137,-48.204967,0
32.85313,-50.934917,0
-22.382769,-45.881016,0
-14.936508,-24.663774,0
-17.952833,-60.467686,0
58.26616,-27.80801,0
52.711792,-32.669388,0
-33.764217,-20.877861,0
1.8443975,-62.680054,0
10.257341,-49.957916,2
52.726612,-1.1793727,0
-15.53162,-40.8455,0
-16.852234,-40.127186,0
15.599938,-46.13811,0
-14.640525,-57.44358,0
-11.482684,-47.562546,2
23.836456,-46.264217,0
34.81531,2.0170958,0
38.901676,-5.1938715,0
42.552105,-8.234911,0
56.580166,1.2694008,0
22.831602,-46.649097,0
22.434383,-47.38703,0
-25.501982,-46.886997,0
-25.444067,-46.74206,0
-22.92603,-54.1756,0
-21.623194,-41.094765,0
5.325267,-53.603565,0
-57.776344,9.078404,0
15.333159,70.5555,0
-60.068233,10.991837,0
45.62548,-34.20972,0
44.411053,-34.858566,0
-58.891415,8.867788,0
-59.982353,8.594273,0
-59.13753,5.356136,2
-5.471713,-25.154686,2
-25.710918,7.2988534,0
13.11486,5.4196525,0
-1.538312,-4.174422,0
7.747261,38.328262,0
46.071075,-33.727993,0
39.573612,-34.49469,0
44.750107,-36.541546,0
-30.178152,-11.757108,0
-30.12754,-11.770121,0
-26.28455,-12.091656,0
-26.526255,-7.79241,0
52.299965,-20.317266,0
41.048397,-21.67261,0
-42.000515,-4.859596,0
-42.32571,-6.2035847,0
-42.355953,-6.534986,0
-38.039097,-5.073009,0
-13.8505535,-22.297312,0
17.97473,37.960026,0
0.8545276,2.8842638,0
0.90478855,2.6451197,0
47.417503,-31.123085,0
44.215,-32.026962,0
38.389545,-35.67196,0
33.798824,0.3132401,0
30.425562,-10.654687,0
32.458477,-11.2229185,0
32.06969,-17.318977,0
55.33457,-23.700905,0
46.016354,-29.737797,0
-45.5866,-6.939468,0
-49.29841,-13.20877,0
-29.16483,5.338477,2
40.893124,-22.068254,0
37.20155,-25.9473,0
56.664967,-27.697058,0
43.439354,-33.87914,0
42.198547,-34.53407,0
42.197178,-35.563004,0
23.821644,-18.393394,0
23.971498,-18.25029,0
44.834766,-30.00577,0
41.869926,-30.272991,0
3.4028668,-28.652826,0
55.538383,-25.980516,0
53.426346,-29.857208,0
5.0257664,10.37747,0
-0.7688964,5.9547567,0
-0.8267331,5.9356437,0
60.20649,-26.888847,0
37.780216,-31.26591,0
55.825512,-26.549427,0
53.258877,-29.415419,0
41.56558,-21.595911,0
39.954052,-21.983122,0
51.863537,-28.784725,0
52.041786,-31.316523,0
33.65551,-24.401834,0
34.329605,-25.008127,0
34.710632,-25.331806,0
53.77379,-26.029984,0
43.06651,-35.093964,0
-58.837322,0.8517187,0
-58.80427,0.9426291,0
-58.52342,1.3555411,0
-58.28599,1.5344954,0
-6.005396,-26.622568,1
36.02343,2.4720018,0
40.728817,-3.249851,0
56.33389,-19.584755,0
43.42338,-20.897038,0
57.690197,-29.800428,0
43.472443,-35.06356,0
-17.357573,-9.23587,0
-17.34493,-9.277278,0
3.3327858,-14.769431,0
2.3578205,12.159152,0
-41.441875,-4.739918,0
57.682743,-29.719584,0
54.03272,-32.9822,0
44.603085,-36.22971,0
30.23748,-13.112201,0
30.554977,-15.764328,0
26.078382,-10.336584,0
42.02381,-21.072254,0
13.340373,-25.083797,0
56.344864,-19.642029,0
40.395977,-22.206478,0
13.154076,-24.907476,0
53.216125,-39.403267,0
34.453903,-18.994242,0
-37.88961,-6.568256,0
-49.304543,-14.791494,0
10.160129,8.946499,0
10.65656,8.278454,0
11.020326,8.007373,0
11.274366,7.8050323,0
30.096136,-15.128309,0
8.751872,-22.637667,0
25.819773,-10.497152,0
30.719727,-16.205622,0
8.834478,-23.937782,0
3.5001018,5.007931,0
2.4357023,4.353133,0
4.277515,-18.362217,0
3.3059127,4.6715455,0
2.7690923,4.105513,0
-1.5536287,-4.5876775,0
31.372591,-12.050685,0
31.363916,-11.945039,0
43.096928,-7.0941796,0
39.71885,-14.897824,0
-43.44897,-3.1701787,0
-45.398144,-7.5545025,0
42.758488,16.817276,0
34.840683,-0.06426153,0
34.789303,-5.825369,0
39.40094,-5.7689815,0
42.492783,-7.5757327,0
-47.88784,-0.51883006,0
-52.07858,-10.669309,0
35.049488,-4.5570116,0
36.39294,-5.793887,0
35.297474,-7.6284366,0
43.925484,12.446361,0
43.968113,13.537441,0
38.19467,4.8097143,0
43.596237,14.833307,0
38.67042,2.262137,0
41.285103,1.8280188,0
42.18559,1.5366318,0
30.645271,-13.862084,0
31.469465,-17.840765,0
51.056828,15.394395,0
-41.91902,0.035394225,0
-42.199886,0.15672292,0
-41.22392,-5.3720255,0
-41.264233,-6.0031085,0
42.664017,2.1516855,0
44.750557,-7.552735,0
43.93138,16.67624,0
35.09648,0.3517441,0
41.60404,-3.7530012,0
45.07279,-6.0151377,0
33.568905,-9.264024,0
33.58101,-9.41729,0
33.4469,-16.403564,0
9.835483,-27.356655,0
37.592724,-0.050298687,0
41.392384,-4.6154556,0
45.942284,11.294606,0
39.510323,4.0420666,0
46.37236,10.924544,0
4.4361634,10.8911,0
9.348461,-17.064898,0
5.568829,-5.169868,0
41.279613,16.175816,0
42.08187,-5.663483,0
42.300625,-10.822856,0
-26.770866,7.412296,2
-44.196293,-5.8661714,0
-44.975864,-7.506519,0
-47.68372,-11.723099,0
-49.197002,-13.404765,0
2.4530737,12.025737,0
-38.18715,-1.7714112,0
-37.97744,-2.1655037,0
-36.918358,-5.518634,0
47.066757,-31.095884,0
43.611343,-31.283245,0
39.659443,-32.262196,0
16.003586,-11.058169,0
16.004215,-11.075717,0
16.014954,-11.0459,0
16.006807,-11.114497,0
-42.06435,-4.0517764,0
-39.908264,-1.5014335,0
-38.145267,-3.6725514,0
-37.599957,-3.9567797,0
-52.653202,-0.24297838,0
-54.082005,-1.5879881,0
56.29371,-26.042522,0
52.8275,-29.433323,0
57.950275,-28.512156,0
41.286045,-22.178608,0
13.003522,-25.000708,0
58.601963,-22.294493,0
47.77767,-27.486813,0
44.101143,-28.433598,0
53.018444,-39.29225,0
49.061028,-38.84852,0
47.541058,-40.68842,0
32.866707,9.220345,0
32.630436,10.134247,0
32.302788,10.78478,0
39.610497,-32.174038,0
7.9461703,-29.016094,0
-52.87587,-1.0017283,0
-54.30178,-1.5943488,0
46.72011,-28.375624,0
44.033745,-29.155231,0
53.30639,-39.32718,0
8.911651,-25.024015,0
42.586975,-22.875076,0
42.507786,-22.70834,0
-47.230583,-0.9849491,0
-48.60227,-2.978719,0
-52.17545,-9.355527,0
-51.24709,-12.643936,0
-52.73438,-0.8680747,0
-54.49614,-1.7412081,0
56.474487,-28.788631,0
45.726013,-34.604736,0
42.25345,14.836739,0
37.301105,-0.96011364,0
42.33966,-2.9898024,0
42.94868,-2.9738848,0
43.204967,-3.0857632,0
-38.262077,-4.0237837,0
-11.948684,-22.377136,0
38.3833,-2.1991777,0
38.4985,-2.3791375,0
42.731373,15.079117,0
41.06413,-5.1454906,0
52.2002,-38.648426,0
51.449203,-38.71367,0
49.77719,-39.123684,0
47.86876,-40.75951,0
31.618057,-25.24383,0
31.787851,-25.275072,0
46.465847,-33.410473,0
53.968307,-32.996704,0
47.034504,-31.10849,0
53.277763,-31.088875,0
53.39773,-32.1793,0
-39.027054,-2.0561113,0
-36.346226,-4.166871,0
-48.594837,-15.40623,0
-35.49684,-4.9943852,0
46.828224,-33.055912,0
57.720917,-29.987322,0
52.383385,-38.113693,0
47.821064,-38.47548,0
47.835197,-38.56987,0
29.472912,-25.830275,0
29.423193,-25.891796,0
-52.70157,0.1179077,0
-52.96826,-0.53192633,0
-54.374397,-1.1054697,0
26.35342,11.814694,0
28.23628,11.220458,0
-0.035475757,-16.6418,0
56.442547,-27.6145,0
45.971695,-33.92977,0
43.82197,-34.947247,0
3.0532546,10.250606,0
30.329664,-14.73511,0
31.359436,-16.879221,0
1.0181696,-27.568787,0
-49.759026,-2.5882435,0
-49.832706,-2.1034687,0
56.191494,-26.989088,0
44.339497,-33.541916,0
43.888927,-33.586456,0
45.713215,-28.238758,0
44.137684,-27.083206,0
43.850628,-27.10581,0
57.67882,-25.710308,0
44.308235,-30.806828,0
44.771957,-37.12137,0
42.752033,17.94606,0
42.53917,17.964697,0
33.174175,-1.7220469,0
33.306595,-2.0302134,0
44.37764,-19.666855,0
32.312084,-23.776787,0
33.715508,-26.287855,0
31.654623,-26.506384,0
34.72155,-27.51741,0
45.073147,-30.253736,0
38.25037,-31.793915,0
-55.565662,-15.399925,0
-55.57695,-15.325619,0
-58.780746,-0.3888053,0
-51.902683,-14.011136,2
31.931992,-12.894361,0
9.094434,-27.112797,0
-38.7358,-4.9385014,0
-38.029247,-7.032771,0
59.484615,-28.46896,0
60.177742,-28.401329,0
43.714096,-34.074234,0
38.962284,-34.657322,0
39.67287,7.550693,0
40.59932,7.354227,0
35.078655,-2.557839,0
40.18537,-5.343722,0
35.62992,-16.78869,0
10.957036,-28.83451,0
41.178997,-19.512665,0
0.18280792,-28.69251,0
-47.968613,-0.9479505,0
-48.14749,-1.2148272,0
-51.901726,-10.92151,0
43.554832,-7.104019,0
12.869897,-29.660759,0
47.102177,-30.052979,0
59.720383,-25.473555,0
-32.23673,-4.8312674,0
-32.23191,-4.8399286,0
41.644318,-0.15722552,0
45.326828,-5.6413856,0
-10.673685,-2.6544418,0
-10.623601,-2.461461,0
-10.546085,-1.715,0
54.230476,-22.880392,0
49.759125,-23.205732,0
32.155952,-24.650585,0
52.0815,-27.254267,0
46.132156,-33.143307,0
48.699368,-21.301977,0
37.65123,-25.381914,0
45.57252,-2.0818553,0
45.677086,-2.3722074,0
46.077217,-3.2063656,0
42.49004,-28.58146,0
42.048126,-28.348423,0
41.97138,-28.292858,0
40.541576,8.783073,0
40.53576,8.761589,0
13.849674,-19.28145,0
13.765977,-19.361254,0
47.151974,7.932964,0
47.26369,8.786604,0
47.2518,8.895212,0
-43.91179,1.0855905,0
-43.8779,1.0809216,0
58.283478,-23.802362,0
52.23313,-28.64635,0
43.523216,-26.89891,0
38.689503,-29.318064,0
34.758762,-12.771499,0
34.722923,-12.860458,0
35.64681,-13.971901,0
35.686104,-14.02903,0
-46.441093,-4.137899,0
-14.098444,-23.296991,2
53.18363,-31.483656,0
38.35851,-32.723446,0
55.219566,-25.34899,0
57.58819,-28.201183,0
24.520529,-27.18786,0
24.517134,-27.193901,0
24.523962,-27.182343,0
35.05365,-20.505491,0
41.247322,-30.413258,0
36.03089,-32.160686,0
53.71726,-20.252735,0
23.86783,-18.972464,0
12.6180315,-25.306082,0
9.244703,-14.715052,0
-0.83397645,-24.272871,0
8.727376,-15.4874525,0
18.468294,-17.463821,0
18.49761,-17.464306,0
44.36786,-34.87648,0
39.41055,-34.380157,0
48.97687,-26.687492,0
48.782253,-26.627317,0
1.6984773,11.135201,0
1.5483757,10.932545,0
-36.09918,-1.9702783,0
-35.73057,-2.4469945,0
-35.402515,-3.3922665,0
41.875214,-30.476181,0
35.710358,-32.784508,0
49.667755,-26.860415,0
45.7764,-28.451822,0
62.165268,-29.241966,0
62.275185,-29.417896,0
62.44017,-29.606815,0
-56.796986,-3.2180295,0
-56.682358,-3.1183376,0
-57.079952,-3.4747884,0
-57.524155,-3.8636317,2
-57.75818,-4.046822,2
31.641941,-17.605673,0
8.127146,-22.43168,0
-46.324707,-4.3328466,0
-50.757797,-9.351235,0
-14.267948,-22.891222,2
33.728367,2.7380917,0
30.43796,-10.624123,0
32.713795,-11.189776,0
35.577774,-17.342854,0
11.780486,-21.138739,0
11.481536,-21.174618,0
0.9420022,-26.344482,0
59.561455,-26.373701,0
37.965336,-31.89687,0
53.908962,-25.808712,0
57.150322,-25.378242,0
52.600296,-31.992186,0
41.22348,-9.114129,0
3.4963102,-30.562277,0
-50.05831,-3.1995606,0
-50.04133,-2.9455507,0
-41.22802,-1.1691998,0
-41.660046,-2.059713,0
-41.080853,-1.6470324,0
-43.921585,-8.958254,0
25.85845,-22.377045,0
25.855715,-22.364618,0
-35.93462,-2.975125,0
-41.348293,-3.1381986,0
-40.427315,-2.612904,0
-37.12437,-4.016404,0
-48.9619,-14.818031,0
-26.552225,4.960375,0
-26.591976,5.0845065,0
44.472366,-27.107159,0
44.17656,-27.054625,0
-46.32599,-1.9694971,0
-4.8920493,-25.907583,0
44.171276,-15.713003,0
44.17272,-15.709143,0
11.653159,-29.41479,0
59.28557,-28.576788,0
35.702557,-32.796246,0
7.754479,-29.105755,0
36.303722,-4.622346,0
35.617188,-6.988398,0
43.91417,12.359513,0
42.32738,-4.762116,0
42.233044,-2.61845,0
45.626072,-4.457006,0
4.3079753,11.386074,0
1.2294223,7.820251,0
1.7526834,-27.788242,0
28.28121,-16.084732,0
-49.081093,-5.099289,0
-49.10943,-5.383103,0
52.26761,-29.015532,0
59.288303,-26.391506,0
35.32638,-0.14121255,0
39.008026,-6.3275266,0
2.8091953,10.031736,0
1.2407264,7.7104454,0
31.484533,-18.520067,0
-57.836597,-12.746503,0
-57.485176,-12.860655,0
-57.2948,-12.955338,0
-58.096478,-12.675666,0
-58.755974,-12.554769,0
50.910763,-19.825865,0
50.153454,-19.38373,0
35.170166,1.0113221,0
37.474716,-6.0965333,0
-40.038246,-5.7363434,0
2.697591,9.941075,0
44.82267,16.253412,0
44.369453,16.209087,0
-41.17784,-4.9928904,0
-11.682179,-22.2975,0
43.711647,-20.743614,0
34.355907,-23.885122,0
36.303516,-26.443527,0
2.3419373,12.125878,0
-41.574093,-5.3346014,0
-41.67952,-5.951938,0
-53.212414,1.2115861,0
-53.276653,1.075243,0
-54.6209,-0.05292085,0
13.794096,-16.033384,0
7.808683,-21.982271,0
-49.253075,-5.76203,0
-49.782974,-8.008155,0
36.30966,15.586264,0
36.47256,14.665803,0
36.663486,14.339072,0
36.963036,14.047748,0
37.035892,13.94944,0
52.0118,-39.33856,0
52.394028,-39.81659,0
-49.59416,-6.226464,0
-49.66782,-6.651724,0
-50.138,-8.683337,0
-42.71483,-7.030402,0
-42.84326,-8.164368,0
-48.939827,-12.920842,0
-49.229298,-6.246401,0
-50.074867,-8.518147,0
33.83539,1.5826063,0
34.562176,-6.577802,0
34.755974,-7.6415267,0
43.358345,6.2881927,0
14.918215,-27.346207,0
44.83559,15.672265,0
39.182404,-1.0942899,0
42.12847,-6.7640376,0
44.101532,7.8321843,0
43.921772,7.3246884,0
32.984207,11.299277,0
33.409916,11.180089,0
34.73882,10.220107,0
33.17465,11.26278,0
57.041237,-26.86825,0
57.805355,-28.108025,0
58.328007,-28.707691,0
18.58577,-20.553934,0
50.854275,-12.593149,0
50.841694,-12.586241,0
53.03779,-20.93081,0
49.0398,-21.497404,0
47.34846,-20.374073,0
37.508522,-25.546642,0
42.29653,-0.4624897,0
45.803936,-5.6491547,0
45.942715,-6.454295,0
44.043526,2.1564574,0
39.287895,-0.6665317,0
43.834095,-6.1204863,0
41.552155,-30.323542,0
0.78912985,-28.758535,0
-46.2407,-5.543565,0
-46.312836,-5.5656934,0
45.994522,-29.346262,0
41.130722,-29.65668,0
51.4189,-31.644619,0
51.04306,-32.345406,0
37.790615,2.1353796,0
42.790306,1.6369256,0
57.76428,-25.045916,0
59.684105,-26.50348,0
18.603191,-20.57402,0
43.094807,6.9204884,0
41.107258,7.7753296,0
41.114647,7.78368,0
38.36965,-32.45355,0
35.875427,-33.165806,0
41.536133,-32.831856,0
-41.675312,-8.232997,0
-41.667934,-8.624023,0
-48.218296,-4.2306876,0
-48.225727,-4.237843,0
52.311916,-39.03389,0
50.69133,-40.694958,0
50.53498,-40.869625,0
61.049305,-25.081715,0
40.644974,-28.853569,0
43.63692,14.682471,0
42.405636,0.39989197,0
31.575401,-24.757431,0
32.015285,-25.789913,0
-11.476914,-22.327295,0
38.405144,-31.476778,0
7.6901417,-29.519732,0
39.125656,-22.45025,0
12.296489,-26.20071,0
12.177061,-26.500315,0
29.362188,14.000926,0
29.503946,13.808813,0
56.288723,-19.632172,0
42.796917,-20.907673,0
39.074482,2.371713,0
14.4757805,-29.763851,0
54.361336,-37.11969,0
34.52894,-19.118414,0
44.591877,14.604776,0
39.012787,0.1936415,0
39.981857,-0.6503333,0
44.42436,-5.9025254,0
14.160451,-29.68185,0
48.692654,-21.175142,0
49.36219,-19.27318,0
58.633175,-22.128239,0
46.967384,-25.665167,0
-47.79463,-11.866769,0
-48.465916,-13.363398,0
47.032078,-11.004339,0
15.003873,-26.85555,0
-53.49063,1.2232959,0
-54.705376,0.35836014,0
-33.85479,-10.549089,0
-33.728638,-10.560209,0
-18.229013,-16.70559,0
-17.191715,-16.914259,0
56.811802,-24.581045,0
52.386467,-32.25156,0
33.677193,-17.005972,0
9.724656,-27.566444,0
52.0525,-20.229498,0
48.064777,-19.830576,0
48.26542,-18.921715,0
57.294144,-25.813587,0
59.68009,-29.180601,0
58.364662,-23.325357,0
55.239582,-23.711523,0
56.65949,-24.31091,0
54.40282,-36.911224,0
54.345505,-36.05014,0
34.81099,2.2576592,0
36.50784,-5.622925,0
35.51842,-5.563831,0
42.802853,-7.8026686,0
-46.036274,-9.939729,0
-47.522778,-11.607293,0
43.630215,-0.970845,0
14.220058,-29.851728,0
19.151691,-28.182648,0
44.77777,15.191397,0
38.712704,1.6272389,0
43.42401,9.112727,0
43.371567,9.041497,0
56.946968,-25.156332,0
59.696365,-26.698692,0
51.13142,-40.079098,0
50.14209,-40.897953,0
33.937664,-13.796868,0
34.785065,-17.610172,0
40.86776,-20.703636,0
40.58627,-20.821667,0
54.852024,-32.573483,0
54.486374,-32.98859,0
33.257343,-6.3625374,0
33.388664,-6.659741,0
-47.82079,-6.414039,0
-47.91352,-6.4882183,0
55.89405,-25.550905,0
59.75269,-29.906233,0
48.749203,-1.0080141,0
-41.659805,-6.6605735,0
-41.586803,-7.8337703,0
29.315884,-11.650137,0
25.984222,-21.566578,0
34.548347,2.0178006,0
34.880474,-5.212672,0
39.45005,2.526987,0
42.204693,1.4159399,0
49.416553,-20.671288,0
49.029114,-20.579855,0
-47.765778,-4.452441,0
-49.60969,-12.307118,0
26.38453,-17.124624,0
26.254547,-17.17917,0
-35.202072,-3.5745502,0
0.6310742,-26.94862,0
-44.65093,-5.6846037,0
-45.182793,-8.544036,0
-44.212605,-8.914206,0
58.976154,-30.212774,0
59.522022,-30.551615,0
36.675457,-34.113583,0
31.95703,25.620068,0
16.271221,37.116917,0
33.72319,-4.3214774,0
33.588047,-4.643103,0
42.55576,0.1307149,0
14.641653,-29.531614,0
44.16217,0.87849265,0
44.458027,15.01679,0
37.020695,1.628329,0
39.803665,1.6778847,0
40.410686,1.5348094,0
38.26852,2.4578116,0
14.698869,-29.713396,0
44.033543,1.525261,0
58.95923,-28.769028,0
53.045788,-32.16148,0
52.229015,-30.9441,0
39.755684,-31.48884,0
6.526643,3.633968,0
5.4515686,3.636954,0
6.3104258,3.1801581,0
-8.018161,63.542107,0
24.455917,8.802327,0
4.0104494,-18.207726,0
28.60364,34.07599,0
29.503656,9.410821,0
-33.505077,-0.03863857,0
-33.342785,0.0076399767,0
5.1830564,-14.793568,0
-4.103672,-5.3813553,0
27.7882,34.96069,0
-16.294538,-22.38382,0
21.03997,-12.696971,0
20.895803,-12.904881,0
21.565275,-11.240868,0
21.54573,-11.321395,0
20.210518,-13.655329,0
20.994278,-13.297701,0
21.038244,-14.306395,0
21.20083,-14.288871,0
7.2070847,-22.291882,0
35.991703,9.735025,0
15.187989,70.280495,0
-50.683315,2.1152644,0
-50.662018,2.1199434,0
-50.69133,2.114197,0
-28.00551,6.640698,0
16.910328,22.597378,0
7.1471334,19.676414,0
2.1755905,21.090643,0
-7.4231424,33.207123,0
-2.8285444,15.634718,0
6.3676157,17.520412,0
25.266602,-2.4166884,0
-3.0321681,15.777917,0
29.880266,32.90289,0
45.692654,-7.8665566,0
16.797915,-32.26448,0
13.60931,9.810002,0
13.590871,9.776777,0
13.580165,9.718684,0
2.6506565,-8.48188,0
-22.92134,63.215687,0
46.27369,17.754461,0
22.64337,-2.805058,0
22.932508,37.452183,0
-15.702848,-22.784277,0
-33.58103,-21.38179,0
-15.522301,-22.494997,0
-57.419342,1.7049084,0
-26.457373,6.3203244,0
27.554972,34.516438,0
-51.875797,-14.421733,2
-30.091887,4.9519258,0
-6.386845,-26.679317,1
-5.537625,-25.059237,2
-40.07175,-12.210031,0
-40.057903,-12.200415,0
-40.02162,-12.200725,0
-39.999542,-12.200006,0
-39.982674,-12.194069,0
-57.617622,10.171547,0
-57.449844,10.4180565,0
-57.736885,10.124535,0
-57.507523,9.493475,0
-57.466385,9.427982,0
-57.562534,9.579397,0
5.3363037,47.301044,0
4.096078,-3.854484,0
4.191847,-4.3780713,0
-45.3568,1.2632158,0
2.3488054,-3.0494196,0
2.4920545,-2.9854865,0
2.7967615,-2.8595364,0
8.598365,-7.957595,2
-15.284725,-5.9432225,0
1.6144404,1.5723932,0
-1.5986683,65.44853,0
16.792622,-41.45887,0
38.104195,-33.77969,0
36.983932,-34.094406,0
53.388447,-30.072557,0
48.57988,-7.1164336,0
-14.168753,-3.0582662,0
7.1985073,-34.00061,0
13.609296,-8.9049835,0
25.951038,13.435278,0
22.034454,5.152938,0
6.9177933,-15.748174,0
16.981232,8.620197,0
27.54901,8.76301,0
-13.182029,-8.161745,0
10.749134,-16.561687,0
17.0159,-17.687317,0
-4.959684,33.440773,0
50.373215,8.315272,0
33.515163,-50.610756,0
-20.746466,-6.485202,0
19.832735,-3.641428,0
14.467409,-7.4847217,0
-21.136744,-6.530382,0
13.980994,-6.3368154,0
-24.354723,-10.486327,0
-24.72189,-8.636568,0
-24.77543,-9.882177,0
-33.638245,-7.488207,0
-33.6384,-7.456432,0
-18.710993,-17.159868,0
-28.425158,47.31118,0
22.924274,4.743261,0
14.088083,-5.2836847,0
-17.628242,-21.983316,0
26.66213,2.958155,0
-15.461421,-2.5343556,0
14.239768,-57.371864,0
-18.506042,-33.506695,0
-13.560483,-37.575108,0
8.414142,-12.662329,0
11.910763,-57.928932,0
-25.750135,-8.384396,0
-56.139828,-8.498405,0
-56.03531,-8.463208,0
-47.80848,-0.5782725,0
-52.254887,-9.751816,0
15.468568,-58.6648,0
9.384071,16.2004,0
-13.327386,-38.624973,0
55.495884,5.9448757,0
22.332304,-1.6355356,0
-21.93214,-50.548985,0
-25.968842,-38.8289,0
16.25827,-63.6625,0
-16.770617,-47.518757,0
-25.596382,-45.488937,0
42.54293,36.65121,0
25.344118,12.369321,0
25.46217,12.42504,0
13.350643,-6.818528,0
7.7744584,-63.51252,0
22.741009,-60.0254,0
-60.94569,9.360979,0
-37.33002,-20.739237,0
21.103258,5.777982,0
19.600641,0.9252082,0
15.390502,2.3799698,0
7.2145996,-14.611335,0
10.970882,-18.48167,0
4.406583,-26.681814,0
3.7967038,-26.847603,0
27.86531,9.050769,0
15.375458,-4.807481,0
20.024647,-6.8012915,0
9.192954,-9.796851,0
20.738096,9.296913,0
-28.041954,-29.51276,0
31.168093,-49.145706,0
6.146371,-16.741657,0
-14.519184,-2.0927384,0
-24.03478,-11.630941,0
-53.616867,-7.583625,0
-53.62519,-7.674271,0
-51.359035,-12.191816,0
13.974437,2.936726,0
17.067175,7.410432,0
24.820557,2.9512634,0
20.0436,-42.131165,0
-13.879823,-1.8150835,0
14.314177,4.087199,0
11.324455,3.7410426,0
15.109696,-6.387075,0
16.796215,7.51246,0
51.991043,4.4136643,0
12.833601,-5.4577117,0
18.156986,1.6687276,0
16.08261,0.21157664,0
21.159376,-19.22759,0
20.821453,-19.313507,0
21.765388,-19.58694,0
4.2036653,-13.41816,0
-23.857813,-12.806803,0
-24.771866,-8.84355,0
-24.717556,-13.4033785,0
-13.142196,-5.3330436,0
20.054869,9.330948,0
-26.357761,-51.221596,0
16.270924,8.683605,0
4.4910645,-16.592447,0
-1.458433,-20.171259,0
-7.3479357,63.870117,0
-55.997772,-8.498174,0
-55.114613,-8.3495655,0
-52.233788,-9.9867115,0
11.232778,-9.241874,0
26.95964,-33.178223,0
-12.444807,-3.9370387,0
-30.246368,-28.649733,0
22.936165,3.056864,0
13.370733,-6.3138266,0
15.648747,-64.28632,0
-28.200562,-34.16299,0
-19.461079,-49.976562,0
-7.757143,-37.885075,0
-2.0090168,-28.343466,0
-53.953106,-8.041066,0
-56.45637,-8.755922,0
-44.17689,-2.9813352,0
-44.940033,-3.1487288,0
-45.98122,-4.1973486,0
-22.096691,-45.775555,0
-33.711155,-23.983227,0
7.701108,-63.78458,0
-20.26453,-6.188023,0
-27.466993,-6.4176807,0
-19.224709,-5.1937475,0
-15.328527,-46.170017,0
8.968723,-5.4006534,0
23.03575,-55.706703,0
-21.20136,-34.461918,0
-15.41466,-45.376495,0
8.73811,11.89158,0
8.738781,11.901743,0
-14.318854,66.138176,0
-60.962116,9.353576,0
-3.1531682,-40.919273,0
-18.302185,-49.89392,0
-14.527283,-39.40188,0
-22.740704,-34.46212,0
-19.947605,-51.9403,0
-20.05813,-52.747364,0
-25.271833,-32.02429,0
-25.579214,-32.453964,0
-35.503597,-19.439573,0
8.2483015,-12.669493,0
-36.065838,-7.6207814,0
-36.123264,-7.620491,0
-17.518932,-54.064255,0
-17.84153,-53.54083,0
-22.667902,-35.213387,0
12.331206,-6.7119303,0
-15.841606,-49.140163,0
-15.883897,-48.440647,0
5.992015,-44.39972,0
-24.799345,-30.988867,0
-32.997818,-50.546055,0
-14.248745,-50.93558,0
39.081093,-20.79496,0
39.069004,-20.793089,0
37.304276,-25.800087,0
-33.847885,-23.951654,0
6.853857,-44.201454,0
-15.956094,-44.85364,0
-16.220463,-53.302376,0
20.234297,-44.087357,0
-19.99582,-54.33436,0
-26.386688,-51.313534,0
-13.021683,-47.428093,0
5.180702,-63.345478,0
-26.71134,-31.779774,0
20.749107,-16.972338,0
20.745934,-17.011072,0
19.308813,-59.78564,0
-2.8483768,-37.969227,0
8.868133,-59.541412,0
6.8180127,-47.52869,0
-21.546076,-42.389694,0
-25.0001,-35.123547,0
54.517315,0.66912335,0
8.596462,-5.604607,0
5.9788446,-0.14380643,0
-24.417238,-34.251762,0
29.340816,35.073303,0
29.019407,-4.3273597,0
29.021353,-4.33867,0
29.01995,-4.3414636,0
-21.587069,-35.826946,0
-23.319695,-9.314862,0
20.92894,-51.2035,0
5.8506236,-47.470734,0
2.1968362,-30.864128,0
4.269521,-58.08002,0
5.999464,-46.502293,0
-19.780655,-58.849293,0
-20.620453,-59.81807,0
20.655216,-45.27163,0
-35.39664,-51.777424,0
7.810156,-63.185333,0
19.03376,-59.664173,0
-18.035854,-23.306952,2
8.812395,-64.537025,0
8.746503,-47.49118,0
8.045365,-58.646263,0
5.1358647,-62.994484,0
-12.242526,-48.265293,0
-23.11256,-39.228294,0
-33.037144,-32.43499,0
-15.80116,-48.57652,0
-2.2458172,-38.422184,0
-61.542843,7.3868375,0
6.0939,-65.4352,0
7.72772,-64.62638,0
5.655624,-55.09098,0
-39.717724,-15.782151,0
-39.58272,-15.947882,0
-39.398758,-16.177923,0
-5.337063,-26.269176,2
-39.393806,-16.211763,1
21.201813,-46.05425,0
-35.09364,-26.005766,0
-38.258427,-22.980238,0
-19.703674,-45.101826,0
16.085434,0.24632959,0
-12.802286,-1.8896434,0
-12.301868,-0.051178478,0
12.911892,-5.5478163,0
50.262283,-4.0101714,0
15.840436,-5.714755,0
-13.215694,-2.859352,0
0.78667855,5.8065095,0
11.325334,-9.167042,0
23.971157,2.9368691,0
-14.727022,-7.609725,0
16.069792,-1.2053918,0
23.74177,-5.124489,0
24.563477,2.5815198,0
-24.417887,-7.4818597,0
38.98364,-8.918509,0
-15.858855,-54.000954,0
20.333248,-2.4852483,0
-13.930543,-6.550734,0
14.96179,-3.5979705,0
52.31554,7.406202,0
24.274305,4.8166804,0
33.605072,-49.86232,0
23.736576,-55.880566,0
-14.494889,-47.313206,0
11.884783,-3.488438,0
-13.515062,-5.8885593,0
6.499128,-12.168903,0
35.40027,17.902502,0
25.630566,12.1708765,0
25.799067,12.29635,0
8.555115,67.17654,0
19.71399,-3.3747897,0
-15.440222,-4.6597204,0
-14.489528,-1.0089513,0
14.467144,-4.4296217,0
13.437474,-3.1832254,0
13.856232,-5.100529,0
20.113852,-6.9869285,0
-32.96418,-49.149895,0
5.7202206,-47.385677,0
-40.194023,-26.509977,0
-25.448917,-30.883512,0
21.794477,-19.086016,0
-27.316849,-34.70682,0
-27.85937,-34.479107,0
-24.387928,-30.096678,0
-21.77107,-47.505344,0
15.099894,-56.290466,0
-24.448387,-33.983597,0
18.28876,-62.14558,0
-8.339228,-41.68758,0
-21.075666,-43.684082,0
20.190464,-60.845043,0
-34.244312,-2.8293023,0
3.8855777,-63.28373,0
4.637624,-62.21892,0
-7.0131907,-39.703358,0
-21.683372,-50.031414,0
-38.542534,-27.271168,0
-35.5542,-40.69957,0
-60.0196,7.157685,0
5.1313257,-60.045692,0
-20.327482,-48.516098,0
-18.385317,-43.369183,0
18.202984,13.355623,0
18.092201,13.345099,0
-0.9445355,69.65525,0
20.029154,-63.07368,0
-23.015192,-33.706966,0
-14.332439,-38.870926,0
-12.810207,-62.204254,0
-18.187126,-44.992596,0
15.042492,-58.219826,0
9.749305,-55.967793,0
-23.57378,-33.869793,0
16.10857,-61.335705,0
-15.674193,-43.325012,0
29.066473,-21.561703,0
29.383642,-21.065683,0
17.67788,-59.44278,0
-35.71285,-19.421585,0
-15.782694,-43.160694,0
-17.956156,-34.02008,0
-17.827194,-48.84714,0
-22.375952,-50.08189,0
16.258825,-63.57139,0
-20.034716,-52.114357,0
-16.442818,-44.538902,0
-16.117285,-35.971905,0
35.12924,40.437054,0
6.32943,-40.4006,0
-20.459269,-44.64598,0
-14.055987,-38.472477,0
57.171684,4.4630494,0
4.8412514,-62.530445,0
-20.153276,-21.493486,2
-15.974875,-35.891357,0
-36.49162,-40.652363,0
5.860691,-63.831715,0
-22.856632,-35.048794,0
-17.586075,-56.777435,0
-19.313673,-35.596413,0
-24.690968,-7.4058003,0
-27.426348,-5.5107703,0
15.0779,-50.02663,0
16.340534,-59.284,0
6.258776,-49.76069,0
-26.291643,-34.081413,0
-17.064272,-51.19324,0
55.93568,5.118165,0
16.101727,-60.799145,0
8.271344,-62.04366,0
-29.142202,-35.795124,0
17.837395,-61.882053,0
0.83662874,-29.195683,0
-21.314423,-50.002518,0
-19.572857,-51.38378,0
-14.903032,-36.410114,0
-18.08026,-42.69388,0
-19.29673,-48.09644,0
6.8125415,-61.308807,0
-20.099148,-53.01416,0
31.952429,-1.1639982,0
43.83213,19.620152,0
16.957706,-62.709183,0
-60.239456,7.5242963,0
-61.619083,7.356412,0
-16.93974,-41.973858,0
-20.161505,-6.5960884,0
-27.027092,-33.262928,0
-22.723259,-48.513847,0
-59.634583,6.367281,0
-20.820412,-40.725216,0
-17.00125,-45.022495,0
16.779882,21.854145,0
-20.342695,-52.460968,0
21.246723,-58.562317,0
-27.56625,-33.278927,0
-13.068228,-0.1998289,0
7.614882,-5.8912287,0
16.952042,-52.955433,0
7.277133,-0.11513396,0
-19.801968,-33.727566,0
18.28769,-57.759205,0
-21.632742,-36.954556,0
-2.849315,15.435007,0
21.320557,-58.355293,0
24.268133,-55.8683,0
-19.57894,-42.458424,0
-18.088427,-42.214848,0
-34.47312,-23.95472,0
16.693325,-50.980743,0
-35.306496,-48.00845,0
-28.12397,-14.262656,0
-35.849216,-53.08627,0
20.97367,-53.6881,0
47.82108,2.2157624,0
47.974915,2.2375786,0
47.839638,2.1273465,0
47.688297,2.3416226,0
7.77671,-43.8916,0
35.57973,20.611801,0
-21.141531,-45.224415,0
-20.346603,-59.28044,0
-14.877894,-48.856213,0
17.011288,-62.731136,0
-35.785583,-51.293865,0
-15.637451,-49.870663,0
7.4658365,-45.783634,0
18.680363,-58.606113,0
2.0794778,-48.200382,0
-23.375477,-39.413715,0
56.280075,0.98569316,0
54.428886,-0.84213865,0
7.602512,16.497261,0
-13.976066,-47.870544,0
-30.550455,-53.760834,0
-16.464577,-57.87944,0
7.2252564,-55.598576,0
14.563748,-4.4525223,0
16.720234,8.559288,0
27.055813,-33.17867,0
8.858972,5.4527273,0
-33.43974,-36.93037,0
-38.356915,-24.51699,0
-34.183487,-40.84146,0
-60.72902,7.871331,0
-36.10462,-10.796384,0
9.372775,-1.657451,0
-19.767569,-40.36592,0
10.294168,-10.2205715,0
-10.727605,-1.143587,0
18.23982,-6.75601,0
-31.736092,-34.23958,0
-18.093817,-21.74513,0
-41.138397,-26.972612,0
23.25376,-52.33517,0
6.516458,-56.09148,0
29.84201,5.906166,0
29.839123,5.8578887,0
15.707229,-24.851065,0
15.656152,-24.986897,0
-24.0493,-38.774452,0
51.88347,4.491477,0
16.535053,-51.688164,0
1.7671454,-64.68274,0
21.767864,-1.2104248,0
7.7926908,-11.0012245,0
14.1378,-2.4047554,0
-13.722666,-45.72962,0
54.6174,0.2578383,0
-0.5822952,-32.324287,0
30.85796,33.250896,0
-43.536842,-13.684013,0
-43.59727,-13.689376,0
-42.789265,-13.673354,0
-42.853157,-13.7126045,0
-0.9765706,11.75063,0
-41.711006,-15.6370945,0
-19.65134,-41.141033,0
-34.34007,-22.193289,0
-7.753724,-41.074364,0
9.354795,-19.580826,0
12.460379,-5.126889,0
11.385077,-2.321252,0
35.005272,11.417894,0
15.759353,-1.6217284,0
3.3565269,-31.445349,0
-37.164463,-49.667923,0
6.2874813,-41.731495,0
-53.75672,-6.8454895,0
-53.739147,-6.9029965,0
-52.4467,-8.539153,0
17.11871,-56.26409,0
39.365726,-8.0514,0
50.182137,5.9104376,0
-11.410588,-48.67012,0
22.13083,-57.850216,0
24.580683,-32.633408,0
-14.2545805,-38.28675,0
16.300484,-61.487164,0
-16.616673,-45.97889,0
-20.546253,-36.44941,0
15.926725,-17.618029,0
10.717458,-16.676662,0
-2.688395,3.270891,0
-2.7123697,3.2478554,0
5.014472,-15.840434,0
17.147907,-31.719524,0
-22.314392,-60.29727,0
10.744774,-57.014706,0
2.6221383,-61.833332,0
20.51787,-62.905247,0
18.153284,-64.09196,0
19.382977,-54.57082,0
23.888115,-5.1494503,0
3.229073,-43.523373,0
-35.89363,-50.331352,0
4.4478145,-56.58973,0
-54.05654,-6.5921035,0
-53.985573,-6.80277,0
-47.114697,-1.5382196,0
22.45962,-53.647274,0
6.2844653,1.0670024,0
7.979337,-54.34079,0
-36.335613,-21.845362,0
-36.047413,-22.249985,0
18.500824,-52.889954,0
5.7930512,-49.949905,0
-18.178648,-40.936302,0
4.0666676,-50.03851,0
20.091309,-6.8802485,0
37.697433,-10.66349,0
37.70121,-10.664833,0
35.195545,3.1462262,0
43.508327,-7.9540205,0
14.292676,-28.84606,0
12.02681,-57.849556,0
-3.2859988,-30.588669,0
-37.343163,-43.016197,0
14.765477,-56.281837,0
-38.383224,-26.799929,0
-36.027824,-48.863697,0
-12.139168,-47.621155,0
-38.250748,-37.088066,0
15.152108,-3.1201117,0
23.589096,0.90124214,0
24.817963,-12.853316,0
24.80843,-12.862016,0
26.208345,-13.347766,0
26.28786,-13.429616,0
17.46724,-54.842262,0
-22.594885,-42.858242,0
7.7472296,-15.954708,0
21.668312,9.488499,0
27.31895,-59.078484,0
5.4334884,-59.58783,0
-0.410425,-57.619404,0
6.2601795,-39.822006,0
4.676401,-16.557095,0
-23.994074,-33.49844,0
18.40925,-58.57577,0
-30.249022,-36.103085,0
-18.282993,-54.33385,0
14.7870655,-47.993866,0
17.510225,-55.46142,0
-14.010658,-45.81885,0
-34.935104,-39.96387,0
-2.091347,-30.662786,0
-16.916893,-51.32801,0
5.596099,-43.87536,0
19.194426,-28.224882,0
32.843227,7.8041396,0
13.902587,-45.973644,0
18.79484,-45.495544,0
14.3583765,-56.027718,0
21.681894,-44.49175,0
20.191013,-44.14197,0
19.708414,-44.702396,0
-33.235973,-38.245728,0
-23.626944,-35.812267,0
-24.282112,-30.016855,0
6.6947374,-44.692574,0
34.404423,-50.5316,0
18.12562,-62.599533,0
-16.870808,-58.747982,0
14.414062,3.3976567,0
-12.057691,-0.9075145,0
23.675364,1.9756593,0
11.158019,-62.947887,0
23.18757,2.3748298,0
19.963903,8.000784,0
5.1934333,-17.086542,0
18.812555,0.58078784,0
12.443926,-41.197777,0
12.41874,-41.157303,0
-25.563896,-33.83814,0
6.82134,-61.278584,0
-17.634377,-46.423565,0
-38.309143,-25.927763,0
-2.104157,-28.398586,0
17.188583,-53.591187,0
-34.563194,-24.469791,0
3.6067863,-47.10915,0
-12.49911,-8.470872,0
-12.429449,-8.534124,0
7.6888947,6.310284,0
-3.9678674,-52.47705,0
-30.546995,-33.747993,0
-38.75726,-27.508533,0
-6.920996,-39.78346,0
-13.70179,-49.81917,0
-3.3591554,-38.31858,0
24.374348,-55.97708,0
-11.575057,-0.8411663,0
5.6858807,-13.302412,0
25.493832,9.186448,0
10.590998,3.885322,0
16.062609,4.10662,0
23.857288,39.961155,0
23.624569,6.6037564,0
50.592266,13.839127,0
21.94295,-55.8949,0
-35.027626,-22.32139,0
17.927399,8.664565,0
21.231798,-0.34682378,0
-20.74998,-34.436646,0
-18.784458,-55.928326,0
19.140781,-62.19674,0
23.300104,-52.103336,0
31.432978,11.081986,0
31.379196,10.982162,0
31.373299,9.9597225,0
-21.879446,-43.773808,0
-3.2776847,-30.10758,0
-5.936088,-40.321507,0
-32.00982,-53.05574,0
18.882143,9.353918,0
13.384504,-35.72039,0
-21.107605,-28.401321,0
7.4794803,-43.071423,0
4.099632,-55.999603,0
-34.408554,-40.009884,0
6.2583275,-54.601097,0
5.046098,3.5527463,0
-7.7521157,63.591045,0
14.516771,-31.57413,0
-30.2654,-41.619556,0
-19.813984,-61.343933,0
-21.236668,-42.35817,0
-17.764463,-25.183565,0
-34.260757,-36.10037,0
-13.301773,-52.845303,0
13.032571,-35.74176,0
21.969744,-48.952904,0
-6.2252836,-38.330864,0
-13.249559,-43.68024,0
-40.977253,0.4016076,0
-28.470232,47.19432,0
3.215692,-43.38067,0
-16.4327,-43.819828,0
-18.037283,-21.59735,0
-4.81739,-40.79508,0
-8.581871,-38.129055,0
13.104368,-45.271027,0
-12.772414,-45.91831,0
-13.009628,-42.765648,0
-16.61517,-48.958443,0
-20.130924,-46.419415,0
30.206526,12.560085,0
3.294083,-31.466702,0
-17.37829,-24.507652,0
2.25164,-30.77103,0
5.4388876,-17.869488,0
7.845631,1.1215348,0
-24.969162,-11.11118,0
-21.071283,-44.816193,0
8.034171,-65.19279,0
-27.475437,-35.531525,0
-14.244937,-3.6745548,0
30.902025,-48.96152,0
0.6119317,0.016098386,0
-35.306328,-33.757538,0
-14.171739,-5.27587,0
-14.205918,-4.284945,0
-19.744123,-46.114017,0
-14.352583,-4.6110544,0
2.4409616,-29.722464,0
1.8603412,-31.328827,0
-24.802143,-9.531209,0
-26.844648,-5.729171,0
-34.327007,-28.501598,0
-34.26791,-28.526205,0
-23.56957,-11.79154,0
-13.17016,2.4731462,0
6.6992497,3.5363457,0
-1.1010402,69.6915,0
-22.746597,-31.791147,0
-23.771156,-42.827366,0
20.891842,-58.792694,0
-18.256205,-20.360529,0
-60.687187,8.1052,0
-37.983982,-37.459145,0
-3.5710595,-29.783472,0
-18.970821,-37.285175,0
-3.4777517,-44.961166,0
-20.336554,-46.02661,0
7.3517385,4.557684,0
13.436428,-6.8229227,0
-17.715992,-54.934807,0
20.412733,-2.1648924,0
8.017558,-15.840301,0
7.0335484,-12.399166,0
-2.0911496,-27.49479,0
6.90576,-17.553455,0
-2.1554077,-26.197016,0
-37.331482,-21.759436,0
-29.69285,-34.402504,0
-38.964867,-9.393351,0
19.742842,-52.46067,0
20.319098,-53.724155,0
-16.54528,-23.190144,0
-25.42106,-11.70198,0
-37.344822,-20.7123,0
-39.586678,-26.389788,0
-21.532667,-35.098343,0
23.461569,-60.886555,0
20.435543,0.9905882,0
19.41318,-61.84413,0
25.00027,0.9065135,0
-61.433407,18.101812,0
-61.386597,18.085125,0
-61.289494,18.088346,0
-60.698856,11.611417,2
-60.91892,11.675063,0
-62.484097,12.161001,0
-58.25297,13.551676,0
-61.58387,15.639398,0
-6.0187473,30.865435,0
-6.0188193,30.86528,0
-0.063781805,22.626425,0
4.070477,44.741543,0
-5.2730584,34.405437,0
0.9017827,38.06202,0
-4.0771637,37.155365,0
-9.978605,34.484352,0
-10.058252,33.643356,0
-4.204818,38.163002,0
-4.2070274,39.004635,0
-6.0866723,38.207165,0
-10.888938,36.282257,0
1.2138808,32.53389,0
-1.0724483,35.806118,0
-10.5566225,34.844658,0
-8.784691,36.77533,0
-4.53391,37.109573,0
-1.451432,35.59214,0
-6.5209007,39.24814,0
-6.5483785,37.427067,0
-3.5987182,38.83537,0
-3.7010272,36.70673,0
-4.619979,34.856762,0
-3.0886605,35.693592,0
-3.4305384,38.55885,0
0.009169282,37.32701,0
-7.29112,39.047302,0
-3.5942612,39.57134,0
-5.0146866,-18.52722,0
-24.521181,54.18013,0
-25.325651,18.425692,0
-25.33903,18.513912,0
31.88625,39.50087,0
-31.730446,26.230593,0
40.34858,35.544437,0
22.52694,43.13564,0
-29.011595,23.039661,0
-6.1211915,17.822866,0
-9.855478,40.698166,0
-9.852308,40.703724,0
-2.3396525,40.232586,0
-7.7701654,42.20963,0
-10.503222,36.30045,0
-4.3079524,38.645622,0
-9.066369,35.712215,0
-1.3620576,35.396618,0
2.3960152,33.982357,0
2.2671177,33.896122,0
-8.613315,34.12697,0
-8.939526,37.05245,0
-7.8054376,38.430622,0
-5.236466,38.90832,0
-2.7551951,38.125156,0
-9.439538,33.21475,0
1.396043,38.28117,0
-7.9542108,33.639347,0
1.57919,38.962032,0
1.0003124,32.093548,0
-6.9571757,36.66485,0
-6.5524955,35.927307,0
-0.12695299,38.604073,0
-9.389316,34.834366,0
-5.5016685,37.771362,0
-9.382427,35.10302,0
1.171468,32.460667,0
0.25647953,38.096287,0
-3.115157,38.55304,0
-9.67332,35.819,0
-8.305996,38.052246,0
-2.3774984,38.002323,0
-2.1655717,38.11039,0
0.27282125,38.195095,0
1.5803273,37.392483,0
-4.056602,38.84488,0
-7.606456,34.63157,0
-9.461981,37.892452,0
-7.859964,35.06557,0
-8.190803,37.916534,0
1.0698566,34.21865,0
-4.5207,34.943413,0
-7.3824716,34.755287,0
-1.0946279,38.11289,0
-1.4450104,35.449623,0
-2.8830006,39.14752,0
1.2392936,33.48315,0
1.3721311,37.522755,0
-3.456057,36.217587,0
9.809302,38.338875,0
25.14419,34.006836,0
-3.3401268,19.40149,0
-9.783087,15.979806,0
33.854652,31.022606,0
9.929266,22.494074,0
38.250267,37.227364,0
39.907272,39.07341,0
-58.552906,22.267778,0
-21.890377,68.8017,0
-21.891373,68.80247,0
38.99323,11.031299,0
12.930118,-12.750346,0
-45.387894,1.6303992,0
11.1885195,-6.971633,0
3.590247,-23.19718,0
3.525216,-23.254513,0
-1.6054459,41.710976,0
-42.767666,-1.2518312,0
4.591535,38.783833,0
10.288982,23.646374,0
-9.963663,16.702154,0
-21.44598,46.204765,0
-49.31379,17.574125,1
-37.934612,0.4314868,0
28.319757,35.74249,0
-9.856041,16.22308,0
26.512817,31.997112,0
2.7077858,14.788539,0
19.8554,35.71646,0
30.703058,28.575321,0
27.544445,24.782959,0
-29.164997,24.82847,0
-10.38581,43.651814,0
-6.317761,41.879086,0
-6.647538,41.197678,0
-58.22349,17.347403,0
-57.280342,20.804165,0
-4.455266,40.323242,0
10.010656,38.54496,0
10.091955,38.374012,0
-21.858952,61.944576,0
-4.050969,-21.219412,0
34.445522,32.950302,0
31.701614,15.918822,0
-28.364481,34.09141,0
-28.37321,34.048737,0
-61.401424,15.516682,0
-61.30324,15.551206,0
-61.284767,15.578776,0
-64.98165,11.88499,0
-64.9737,11.432395,0
-65.116615,11.224352,1
-65.04272,11.268109,1
-65.05166,11.226678,1
-65.05795,11.182507,1
-65.229195,10.711439,0
-23.423307,52.172096,0
-23.301825,52.63303,0
-24.370575,60.19769,0
15.596555,11.573876,0
-7.038186,-19.944096,0
-48.700153,18.43935,1
-58.835304,13.638938,1
3.2244356,22.65056,0
20.316921,35.40126,0
16.967913,37.150772,0
39.813923,30.932621,0
-37.87871,0.4847077,0
-8.033518,35.84955,0
-4.8633566,41.899853,0
-7.6893516,39.696667,0
-7.6898766,39.6962,0
-2.7438009,43.404858,0
-7.576895,9.7769785,0
5.896609,24.657862,0
-58.454037,22.24754,0
5.262762,39.467247,0
-4.456108,17.948956,0
44.197994,29.573923,0
37.219395,32.81014,0
29.634502,30.336557,0
16.931087,39.583134,0
-19.771341,41.608456,0
34.650005,23.622551,0
-29.80584,29.837868,0
-5.1727176,22.4559,0
33.490543,35.658722,0
29.556885,30.262262,0
21.368511,28.086845,0
42.198563,35.653465,0
24.073591,32.61152,0
40.574963,39.764023,0
32.02484,30.599436,0
34.442623,34.774113,0
27.09458,35.46687,0
8.192802,18.988846,0
14.594851,21.229338,0
24.167574,22.81177,0
-2.997354,26.062769,0
37.868107,29.229248,0
-2.866342,30.709648,0
32.94551,32.967937,0
-29.537497,30.06318,0
30.47751,32.29292,0
17.182796,37.498558,0
22.655104,34.44284,0
31.57504,31.621632,0
-7.1397595,19.808601,0
37.305004,30.316978,0
3.067231,15.441442,0
30.808096,31.380898,0
34.695946,35.82994,0
0.37072656,17.88071,0
0.18952382,17.878843,0
19.991581,25.331156,0
38.85706,31.46575,0
11.711918,19.69792,0
33.17942,36.53241,0
-4.286677,18.5481,0
13.176116,21.32948,0
32.907715,31.022573,0
23.673294,34.559814,0
10.347853,24.56146,0
-0.6415195,24.62682,0
41.01019,37.07443,0
-1.9418558,29.080753,0
17.338251,36.91558,0
17.674858,35.23364,0
32.534195,37.04057,0
14.3388405,23.735735,0
9.656923,40.518414,0
10.132713,22.698204,0
39.587257,30.93326,0
20.2266,42.676933,0
20.381575,39.996788,0
18.415575,34.801285,0
33.612617,31.13208,0
5.1356688,19.560543,0
20.310148,59.55658,0
6.124407,21.355267,0
-2.1945732,23.72753,0
-2.8893712,26.388851,0
40.043,35.039032,0
1.2723801,18.122576,0
21.756618,24.746914,0
10.83248,18.260548,0
25.67419,37.247826,0
-0.3225067,22.982323,0
37.865532,29.628668,0
1.8138835,24.61279,0
25.835484,37.334965,0
26.17781,34.950317,0
-5.780156,20.55053,0
39.845398,27.973024,0
33.050575,33.860554,0
11.457101,33.240993,0
42.507973,34.26622,0
1.6287732,24.619034,0
20.841688,33.81382,0
16.721909,39.666176,0
8.713016,20.51495,0
22.704706,24.767181,0
4.5067005,21.09487,0
17.034042,35.25986,0
3.382482,23.365416,0
-6.6470375,54.04892,0
-1.2901493,21.372725,0
-8.722124,15.90408,0
3.7408867,16.708298,0
3.8771386,26.4236,0
16.573793,35.183937,0
11.635779,22.354624,0
-2.2113104,67.02914,0
-4.5626273,6.1563005,0
-4.532387,6.1364913,0
42.5941,28.182804,0
10.27783,24.792385,0
18.64277,34.78158,0
15.910523,35.00829,0
3.4507904,16.166199,0
-3.847314,18.491566,0
-27.052874,47.475166,0
41.285076,31.62241,0
10.757932,23.95846,0
2.1589615,24.64295,0
2.7878115,20.677137,0
11.905088,23.72886,0
-50.054745,5.4124303,0
-1.5271297,18.206264,0
12.483624,23.510496,0
42.517303,28.715736,0
36.6863,32.773632,0
37.56734,33.119804,0
17.336857,41.218582,0
17.368534,40.955387,0
42.120846,32.43446,0
3.7355356,26.658936,0
40.135345,30.59744,0
-5.229654,21.194244,0
39.23056,32.66052,0
20.074217,25.269459,0
44.44662,29.537565,0
5.577203,45.53237,0
21.18418,31.638136,0
38.816288,29.771881,0
26.496437,35.052147,0
41.248222,34.774254,0
20.175095,32.070637,0
2.2502005,38.82544,0
41.53554,31.2519,0
-0.39199385,47.762005,0
-9.389603,63.691216,0
-30.479044,30.151037,0
27.534449,35.419884,0
6.4859095,45.708393,0
0.044526238,25.151293,0
-28.850616,30.179073,0
14.980072,44.463593,0
40.51528,39.66446,0
42.972515,29.996426,0
-3.4167862,16.806633,0
22.43068,36.92049,0
-3.6494346,17.392996,0
31.994364,35.092,0
43.683212,35.237286,0
39.448944,29.924742,0
28.002323,37.112488,0
21.096031,31.761944,0
9.763667,18.89623,0
20.60774,33.79388,0
3.8823676,19.127708,0
33.595215,28.24426,0
-7.83542,43.761288,0
-57.524895,23.754423,0
41.35616,20.98359,0
1.1246005,22.275469,0
-55.803577,17.88187,0
-55.826237,18.032318,1
-12.6649475,-17.037466,0
-31.450304,21.665579,0
3.408611,22.822544,0
-13.1706085,47.109505,0
-23.47008,51.65808,0
-6.569702,-17.532202,0
40.62583,27.68123,0
37.060192,30.746813,0
9.003123,25.670578,0
19.77983,40.360233,0
-63.627018,14.373173,0
-63.595314,14.3895855,0
-63.58112,14.401578,0
-21.660769,59.37565,0
-24.96499,62.322163,0
-21.125336,53.113792,0
-9.561855,47.13115,0
-9.544844,47.332478,0
-24.90718,58.457268,0
-23.038973,61.698338,0
-5.3435397,40.79652,0
-21.16014,60.832897,0
-24.26168,55.284924,0
0.067877986,44.68504,0
-18.633259,55.315014,0
-18.727135,55.721165,0
-22.676914,57.28194,0
-8.439482,62.88159,0
-14.986519,56.96724,0
-20.665485,52.994987,0
-20.020922,58.0254,0
-16.917196,57.791676,0
-20.675556,57.69393,0
-20.769014,57.598713,0
-20.573917,55.88429,0
-17.161695,16.913698,0
11.004447,71.52428,0
-8.318185,8.607357,0
1.1905949,-16.184288,0
35.731087,29.268581,0
-2.532038,-19.76381,1
-20.895977,-1.9689901,0
-20.840155,-1.9682544,0
-20.58492,-1.9666358,0
-22.226759,54.836376,0
5.1656184,40.3856,0
5.235762,41.259872,0
5.233813,41.25669,0
-53.454983,12.272143,2
-53.450375,12.260593,0
-64.937485,16.165455,0
-64.8627,16.110262,1
-64.86192,16.117666,1
