pl_name,pl_rade,pl_bmasse,pl_orbper,pl_orbsmax,pl_eqt,pl_insol,st_teff,st_rad,st_met,planet_density,star_luminosity,HSI,SCI,star_type_G,star_type_K,star_type_M,habitable,star_type_F,habitability_probability,star_type_G,star_type_K,star_type_M
Barnard b,0.72,0.299,3.1542,0.0229,438.0,6.76,5596.0,0.185,0.02,0.8010759602194788,0.03011231397368866,0.04445876288659794,0.005357334190506804,True,False,False,0,0,0.0,True,False,False
Barnard c,0.743,0.335,4.1244,0.0274,400.0,101.32650000000001,5596.0,0.185,0.02,0.8167297318953979,0.03011231397368866,0.004437321276067837,0.005357334190506804,True,False,False,0,0,0.0,True,False,False
Barnard d,0.694,0.263,2.3402,0.0188,483.0,101.32650000000001,5596.0,0.185,0.02,0.7868235265284464,0.03011231397368866,0.002190089240486742,0.005357334190506804,True,False,False,0,0,0.0,True,False,False
Barnard e,0.637,0.193,6.7392,0.0381,340.0,101.32650000000001,5596.0,0.185,0.02,0.7466877251691483,0.03011231397368866,0.005101182109337377,0.005357334190506804,True,False,False,0,0,0.0,True,False,False
CD Cet b,1.82,3.95,2.2907,0.0185,464.0,8.6,5596.0,0.175,0.13,0.6552136427755314,0.02694491206557239,0.007291666666666663,0.004835823782581363,True,False,False,0,0,0.0,True,False,False
CFBDSIR J145829+101343 b,2.48,7.22,8.45778956,0.0787,370.0,101.32650000000001,5596.0,0.94,0.02,0.47334975328119233,0.7774212016698699,0.0,0.005357334190506804,True,False,False,0,0,0.0,True,False,False
COCONUTS-2 b,2.48,7.22,8.45778956,0.0787,434.0,101.32650000000001,5596.0,0.388,0.0,0.47334975328119233,0.1324537091265153,0.0,0.00546448087431694,True,False,False,0,0,0.0,True,False,False
CoRoT-9 b,2.48,7.22,8.45778956,0.0787,420.0,101.32650000000001,5625.0,0.96,-0.01,0.47334975328119233,0.827794283905735,0.0,0.006429214350006429,True,False,False,0,0,0.0,True,False,False
EPIC 211822797 b,1.92,4.35,21.1701963,0.1195,431.0,3.5,4057.0,0.58,0.2,0.6145901150173612,0.08176470381790354,0.008950617283950624,0.00048393341076267905,False,True,False,0,0,0.0033333333333333335,False,True,False
EPIC 248847494 b,2.48,7.22,8.45778956,0.0787,183.0,0.19,4898.0,0.94,-0.23,0.47334975328119233,0.45626870325389696,0.0,0.0009228242112160054,False,True,False,0,0,0.0,False,True,False
G 192-15 b,1.02,1.03,2.27476,0.01723,453.6,7.06,5596.0,0.170718,0.02,0.9705920045834557,0.02564243726946408,0.05167493796526054,0.005357334190506804,True,False,False,0,0,0.0,True,False,False
G 261-6 b,1.1,1.37,5.4536,0.02971,322.3,1.8,5596.0,0.153162,0.02,1.0293012772351613,0.020639669122160684,0.28314732142857135,0.005357334190506804,True,False,False,0,0,0.006666666666666667,True,False,False
G 264-012 c,1.76,3.75,8.0518,0.0525,387.0,3.87,5596.0,0.305,0.1,0.6878492439894817,0.08184654513958765,0.03234086242299795,0.004967709885742673,True,False,False,0,0,0.0,True,False,False
G 9-40 b,1.9,4.0,5.7459982,0.0418,440.6,6.27,5596.0,0.3026,-0.07,0.5831753899985421,0.08056353620667335,0.006466834785266702,0.005106991471324243,True,False,False,0,0,0.0,True,False,False
GJ 1002 b,1.03,1.08,10.3465,0.0457,230.9,0.67,5596.0,0.94,-0.25,0.9883529921014124,0.7774212016698699,0.4656790585495676,0.004371584699453552,True,False,False,1,0,1.0,True,False,False
GJ 1002 c,1.1,1.36,21.202,0.0738,181.7,0.257,5596.0,0.94,-0.25,1.0217881292261455,0.7774212016698699,0.45172036595067616,0.004371584699453552,True,False,False,1,0,0.9966666666666667,True,False,False
GJ 1132 c,1.43,2.64,8.929,0.0476,300.0,101.32650000000001,5596.0,0.2105,-0.17,0.902808864078364,0.038985658444196866,0.005338304349313229,0.004670496473775163,True,False,False,0,0,0.0033333333333333335,True,False,False
GJ 1289 b,2.38,6.27,8.45778956,0.27,150.0,101.32650000000001,5596.0,0.245012,0.02,0.4650896443599684,0.05281720119833456,0.0,0.005357334190506804,True,False,False,0,0,0.0,True,False,False
GJ 251 b,1.79,3.85,14.237,0.0808,336.0,2.37,5596.0,0.36,0.07,0.6712767981108003,0.11402646869218554,0.05192878338278931,0.005106991471324243,True,False,False,0,0,0.013333333333333334,True,False,False
GJ 251 c,1.8,3.88,8.45778956,0.196,216.0,0.404,5596.0,0.36,0.07,0.6652949245541837,0.11402646869218554,0.10683760683760683,0.005106991471324243,True,False,False,1,0,0.9333333333333333,True,False,False
GJ 3021 b,2.48,7.22,8.45778956,0.0787,350.0,101.32650000000001,5540.0,0.9,0.1,0.47334975328119233,0.6845637968659433,0.0,0.0038037276531000374,True,False,False,0,0,0.0,True,False,False
GJ 357 c,1.66,3.4,9.1247,0.061,401.2,4.45,5596.0,0.337,-0.12,0.7432837752519733,0.09992185202857115,0.037864424057084616,0.004879000780640124,True,False,False,0,0,0.0,True,False,False
GJ 357 d,2.34,6.1,8.45778956,0.204,219.6,0.38,5596.0,0.337,-0.12,0.47608254928000715,0.09992185202857115,0.0,0.004879000780640124,True,False,False,0,0,0.0,True,False,False
GJ 3929 c,2.26,5.71,15.04,0.081,317.0,1.68,5596.0,0.32,-0.02,0.4946645533257053,0.09009498760864043,0.0,0.005357334190506804,True,False,False,0,0,0.0,True,False,False
GJ 393 b,1.17,1.71,7.02679,0.05402,485.0,9.21,5596.0,0.426,-0.09,1.0676736515000815,0.15966873018814093,0.02568628251169877,0.0050132852057953575,True,False,False,0,0,0.0,True,False,False
GJ 3988 b,1.74,3.69,6.9442,0.0405,348.0,2.45,5596.0,0.19734,-0.12,0.7004523897385434,0.03426343665648776,0.059661835748792275,0.004879000780640124,True,False,False,0,0,0.0,True,False,False
GJ 411 b,1.45,2.69,12.9394,0.07879,349.83,3.13,3719.0,0.3685,0.02,0.8823650006150314,0.023306096900050137,0.10458156779661018,0.00047591852274890534,False,True,False,0,0,0.0,False,True,False
GJ 414 A c,2.48,53.83,8.45778956,0.0787,124.7,101.32650000000001,4120.0,0.68,0.24,3.5291436591588066,0.11953540009745302,0.0,0.0004861070602189426,False,True,False,0,0,0.02,False,True,False
GJ 514 b,2.13,5.2,8.45778956,0.0787,202.0,0.28,3728.0,0.5,-0.14,0.5381019096719369,0.043324491427177377,0.0,0.000427690386375495,False,True,False,0,0,0.013333333333333334,False,True,False
GJ 536 b,2.41,6.37,8.70874,0.0668,451.0,9.9,3641.0,0.529,-0.08,0.45508058176872884,0.044124917842768785,0.0,0.00043308041437134043,False,False,True,0,0,0.0,False,False,True
GJ 536 c,2.3,5.89,32.761,0.1617,290.5,1.692,3641.0,0.529,-0.08,0.4840963261280513,0.044124917842768785,0.0,0.00043308041437134043,False,False,True,0,0,0.0,False,False,True
GJ 806 c,2.28,5.8,6.64064,0.0523,490.0,9.5,5596.0,0.4144,-0.28,0.48935434924646193,0.1510915465943802,0.0,0.00426912568306011,True,False,False,0,0,0.0,True,False,False
GJ 887 b,1.88,4.2,9.262,0.068,468.0,7.95,3688.0,0.4712,-0.06,0.6320853760727393,0.03685225461308502,0.00502793296089386,0.00045116988350793604,False,False,True,0,0,0.0,False,False,True
Gl 686 b,2.46,6.624,15.53,0.091,379.0,101.32650000000001,3656.0,0.427,-0.23,0.44495388439904626,0.029226065162774095,0.0,0.0003829524870849274,False,False,True,0,0,0.0,False,False,True
Gliese 12 b,0.958,3.87,12.761408,0.0668,314.6,1.62,5596.0,0.2617,-0.32,4.401639169516829,0.06025708501859687,0.33187712044105167,0.004139758238118894,True,False,False,0,0,0.016666666666666666,True,False,False
HAT-P-13 c,2.48,7.22,8.45778956,0.0787,340.0,101.32650000000001,5653.0,1.756,0.02,0.47334975328119233,2.8252365427000155,0.0,0.007780890133831309,True,False,False,0,0,0.0,True,False,False
HATS-59 c,2.48,7.22,8.45778956,0.0787,175.9,0.159,5670.0,1.036,0.18,0.47334975328119233,0.995271564871486,0.0,0.007774840615767378,True,False,False,0,0,0.0,True,False,False
HD 109286 b,2.48,7.22,8.45778956,0.0787,259.4,0.709,5694.0,1.089,0.05,0.47334975328119233,1.1184471333345334,0.0,0.011204481792717085,True,False,False,0,0,0.0,True,False,False
HD 115954 b,2.48,7.22,8.45778956,0.0787,144.9,0.064,5957.0,1.213,0.34,0.47334975328119233,1.6623476434883264,0.0,0.0041459369817578775,True,False,False,0,0,0.0,True,False,False
HD 118203 c,2.48,7.22,8.45778956,0.0787,146.0,101.32650000000001,5742.0,0.94,0.287,0.47334975328119233,0.8617837681356784,0.0,0.021000021000021005,True,False,False,0,0,0.0,True,False,False
HD 137496 c,2.48,7.22,8.45778956,0.0787,370.0,101.32650000000001,5799.0,1.59,-0.03,0.47334975328119233,2.5650541252582917,0.0,0.0441306266548985,True,False,False,0,0,0.0,True,False,False
HD 164922 b,2.48,7.22,8.45778956,0.0787,159.4,0.1578,5390.0,0.946,0.18,0.47334975328119233,0.6776839241213137,0.0,0.002178554311358982,True,False,False,0,0,0.0,True,False,False
HD 169830 b,2.48,7.22,8.45778956,0.0787,345.0,101.32650000000001,6300.0,0.94,0.21,0.47334975328119233,1.248842744356349,0.0,0.0015802032141333374,False,False,False,0,0,0.0,False,False,False
HD 190360 b,2.48,7.22,8.45778956,0.0787,150.0,101.32650000000001,5552.0,1.14,0.25,0.47334975328119233,1.1078918878863624,0.0,0.0035242290748898684,True,False,False,0,0,0.0,True,False,False
HD 191939 e,2.48,7.22,8.45778956,0.0787,390.0,3.9,5348.0,0.94,-0.15,0.47334975328119233,0.6485017487293495,0.0,0.0020175527085645115,True,False,False,0,0,0.0,True,False,False
HD 191939 f,2.48,7.22,8.45778956,0.0787,125.0,101.32650000000001,5348.0,0.94,-0.15,0.47334975328119233,0.6485017487293495,0.0,0.0020175527085645115,True,False,False,0,0,0.0,True,False,False
HD 192263 b,2.48,7.22,24.3556,0.15,486.0,101.32650000000001,4976.0,0.74,0.03,0.47334975328119233,0.30121373836454857,0.0,0.0012090582645177671,False,True,False,0,0,0.0,False,True,False
HD 20794 d,2.04,4.8,8.45778956,0.0787,388.0,101.32650000000001,5368.0,0.93,0.02,0.5653934007282266,0.6443261769390277,0.0,0.0023853823767950003,True,False,False,0,0,0.0,True,False,False
HD 211403 b,2.48,7.22,8.45778956,0.0787,380.0,3.44,6273.0,1.206,0.18,0.47334975328119233,2.0206245057444314,0.0,0.0017085839256424276,False,False,False,0,0,0.0,False,False,False
HD 219134 d,1.61,16.17,8.45778956,0.237,410.5,4.72,4699.0,0.778,0.11,3.8746492268313584,0.26477124894629195,0.03918087121212121,0.0008341675008341675,False,True,False,0,0,0.006666666666666667,False,True,False
HD 224018 d,2.4,4.2,8.45778956,0.0787,411.0,101.32650000000001,5784.0,1.147,0.05,0.3038194444444445,1.3210821449811734,0.0,0.13605442176870747,True,False,False,0,0,0.0,True,False,False
HD 23472 c,1.87,3.41,29.79749,0.1646,467.0,7.96,4684.0,0.71,-0.2,0.52147027703529,0.21770785206112442,0.005491226438492059,0.00076103500761035,False,True,False,0,0,0.0033333333333333335,False,True,False
HD 27969 b,2.48,7.22,8.45778956,0.0787,261.0,0.76,5966.0,1.27,0.18,0.47334975328119233,1.8332862788058821,0.0,0.004483902788987535,True,False,False,0,0,0.0,True,False,False
HD 40307 f,2.13,5.2,8.45778956,0.247,398.0,101.32650000000001,4956.0,0.716684,-0.31,0.5381019096719369,0.2780164276815808,0.0,0.0009275319302867,False,True,False,0,0,0.0,False,True,False
HD 52265 b,2.48,7.22,8.45778956,0.0787,405.0,101.32650000000001,6136.0,1.32,0.21,0.47334975328119233,2.216047760622368,0.0,0.0023020787771357537,False,False,False,0,0,0.0,False,False,False
HD 73583 c,2.39,9.7,18.87974,0.1242,498.0,10.2,4511.0,0.65,0.0,0.7105228210041385,0.15696682422120403,0.0,0.0007886435331230284,False,True,False,0,0,0.0,False,True,False
HD 80606 b,2.48,7.22,8.45778956,0.0787,405.0,101.32650000000001,5565.0,1.05,0.35,0.47334975328119233,0.9487004854081984,0.0,0.0034614053305642087,True,False,False,0,0,0.0,True,False,False
HD 80869 b,2.48,7.22,8.45778956,0.0787,203.2,0.142,5837.0,1.062,0.17,0.47334975328119233,1.1746207180637103,0.0,0.014245014245014245,True,False,False,0,0,0.0,True,False,False
HD 86226 b,2.48,7.22,8.45778956,0.0787,176.0,101.32650000000001,5863.0,1.053,0.018,0.47334975328119233,1.1755095698524312,0.0,0.011422305478137707,True,False,False,0,0,0.0,True,False,False
HD 88986 b,2.49,17.2,8.45778956,0.0787,460.0,101.32650000000001,5861.0,1.543,0.06,1.1141159855628702,2.5206270213342266,0.0,0.01123090745732255,True,False,False,0,0,0.0,True,False,False
HD 95544 b,2.48,7.22,8.45778956,0.0787,156.5,0.1,5722.0,1.088,0.11,0.47334975328119233,1.1385157804950752,0.0,0.015805278963173696,True,False,False,0,0,0.0,True,False,False
HIP 41378 f,2.48,12.0,8.45778956,0.0787,294.0,1.24,6320.0,1.273,-0.1,0.786730891880098,2.3196099895860063,0.0,0.0016742005692281935,False,False,False,0,0,0.07333333333333333,False,False,False
HN Lib b,2.2,5.46,36.116,0.1417,234.4,0.503,5596.0,0.299,-0.18,0.5127723516153266,0.0786580272187506,0.0,0.004630915995183848,True,False,False,0,0,0.006666666666666667,True,False,False
HR 5183 b,2.48,7.22,8.45778956,0.0787,171.0,101.32650000000001,5794.0,1.53,0.1,0.47334975328119233,2.3669368717430133,0.0,0.053475935828877004,True,False,False,0,0,0.0033333333333333335,True,False,False
K2-133 e,1.73,3.64,26.5841,0.1346,296.0,1.8,3655.0,0.455,0.02,0.7030125439455267,0.03314836928946459,0.09375,0.00046157822827812853,False,False,True,0,0,0.06,False,False,True
K2-136 d,1.565,3.0,25.575,0.1538,420.0,7.07,4500.0,0.677,-0.02,0.7826691738604019,0.1686231672658807,0.02919764560099133,0.0007665302242867436,False,True,False,0,0,0.0,False,True,False
K2-152 b,2.29,5.86,32.6479,0.1716,337.0,2.9,4044.0,0.61,0.12,0.48796780478356677,0.08928820817127608,0.0,0.0005146150679291889,False,True,False,0,0,0.0,False,True,False
K2-153 b,2.0,4.66,7.51574,0.0614,497.0,11.8,3845.0,0.53,-0.09,0.5825,0.055084189759174965,0.0,0.00047436979972107055,False,True,False,0,0,0.0,False,True,False
K2-155 d,1.9,4.27,40.718,0.1937,381.0,1.67,4258.0,0.58,-0.3,0.6225397288234437,0.09921297338273666,0.02535892634207243,0.0005057401507105649,False,True,False,0,0,0.0033333333333333335,False,True,False
K2-17 b,2.23,5.6,17.96753,0.119,487.0,4.91,4320.0,0.66,0.15,0.5049791394019261,0.13611710642909264,0.0,0.0005960008344011682,False,True,False,0,0,0.0,False,True,False
K2-18 b,2.37,8.92,32.939623,0.1429,284.0,1.005,5596.0,0.411,0.12,0.6700694475900898,0.14862241603358545,0.0,0.004879000780640124,True,False,False,0,0,0.03333333333333333,True,False,False
K2-185 c,2.39,6.3,8.45778956,0.0787,477.0,101.32650000000001,5788.0,0.94,-0.1,0.46147358477588385,0.8897328938811552,0.0,0.08264462809917356,True,False,False,0,0,0.0,True,False,False
K2-21 c,2.49,6.76,15.50192,0.107,420.0,5.1,4222.06,0.646783,-0.11,0.43787349200029085,0.11926270243578821,0.0,0.0005786355934723888,False,True,False,0,0,0.0,False,True,False
K2-239 c,1.0,0.972,7.775,0.0576,427.0,101.32650000000001,5596.0,0.36,-0.1,0.972,0.11402646869218554,0.0050559836514598964,0.004967709885742673,True,False,False,0,0,0.0,True,False,False
K2-239 d,1.1,1.37,10.115,0.0685,399.0,101.32650000000001,5596.0,0.36,-0.1,1.0293012772351613,0.11402646869218554,0.00540549124615813,0.004967709885742673,True,False,False,0,0,0.0033333333333333335,True,False,False
K2-240 c,1.8,3.89,20.523,0.1159,389.0,101.32650000000001,3810.0,0.54,-0.1,0.6670096021947873,0.05512863918297843,0.001269085829292618,0.0004617018329562768,False,True,False,0,0,0.0,False,True,False
K2-251 b,2.35,6.12,9.30075,0.0694,437.0,101.32650000000001,3717.0,0.49,-0.04,0.47157180971461043,0.04111991937052675,0.0,0.0004663135119003208,False,True,False,0,0,0.0,False,True,False
K2-263 b,2.41,14.9,8.45778956,0.2573,470.0,8.17,5368.0,0.85,-0.08,1.0644742022533846,0.5382421815683286,0.0,0.0022528611336397222,True,False,False,0,0,0.0,True,False,False
K2-264 b,2.231,5.61,5.840002,0.05023,496.0,101.32650000000001,3660.0,0.473,-0.013,0.5052009405262694,0.03601939990210393,0.0,0.0004658644790913035,False,False,True,0,0,0.0,False,False,True
K2-268 f,2.23,5.6,26.27057,0.0787,492.0,101.32650000000001,5106.0,0.78,0.03,0.5049791394019261,0.37102425116257515,0.0,0.0014426059233399212,False,True,False,0,0,0.0,False,True,False
K2-286 b,2.1,5.06,27.359,0.1768,347.0,101.32650000000001,3926.0,0.62,0.0,0.5463772810711586,0.08193593425596031,0.0,0.0005396654074473826,False,True,False,0,0,0.0,False,True,False
K2-288 B b,1.9,4.27,31.393463,0.164,226.36,101.32650000000001,5596.0,0.32,-0.21,0.6225397288234437,0.09009498760864043,0.0007681023217076935,0.0045160998961297025,True,False,False,0,0,0.05,True,False,False
K2-3 c,1.582,2.68,24.646729,0.1357,371.8,3.17,3844.0,0.546,-0.157,0.6768857270059124,0.05839943579620835,0.07107280841993072,0.0004466688553440578,False,True,False,0,0,0.01,False,True,False
K2-3 d,1.458,2.2,44.55603,0.2014,305.2,1.44,3844.0,0.546,-0.157,0.7098230677211294,0.05839943579620835,0.20886498178506377,0.0004466688553440578,False,True,False,1,0,0.7966666666666666,False,True,False
K2-315 b,0.95,0.809,3.1443189,0.0787,460.0,7.45,5596.0,0.196,-0.24,0.9435777810176412,0.03379969769505402,0.0452827087442472,0.004406839414771726,True,False,False,0,0,0.0,True,False,False
K2-316 c,1.83,4.01,5.26,0.0582,423.0,101.32650000000001,5596.0,0.379,0.02,0.6543213683899467,0.12638021596770233,0.0008825915085535023,0.005357334190506804,True,False,False,0,0,0.0,True,False,False
K2-318 b,1.66,3.39,7.01,0.0911,456.0,101.32650000000001,3851.0,0.552,0.02,0.7410976465012322,0.06012596779788912,0.00138445726831922,0.0005085021560491416,False,True,False,0,0,0.0,False,True,False
K2-323 b,2.1,5.06,24.93,0.1275,318.0,101.32650000000001,3710.0,0.549,0.02,0.5463772810711586,0.05123068671134921,0.0,0.00047384831167846545,False,True,False,0,0,0.0,False,True,False
K2-325 b,2.2,5.48,6.93,0.0419,423.0,101.32650000000001,5596.0,0.298,0.02,0.5146506386175806,0.07813276640232134,0.0,0.005357334190506804,True,False,False,0,0,0.0,True,False,False
K2-332 b,2.2,5.48,17.70632,0.0787,266.0,101.32650000000001,5596.0,0.28,0.09,0.5146506386175806,0.06897897488786534,0.0,0.0050132852057953575,True,False,False,0,0,0.0,True,False,False
K2-343 c,2.02,4.74,7.676972,0.0787,465.0,101.32650000000001,3804.0,0.46,-0.1,0.5750746626471293,0.03975278376771987,0.0,0.0004602991944764097,False,True,False,0,0,0.0,False,True,False
K2-345 b,2.11,5.1,10.367437,0.0787,437.0,101.32650000000001,3779.0,0.52,0.26,0.5429037109171869,0.04947708501806772,0.0,0.0003968253968253968,False,True,False,0,0,0.0,False,True,False
K2-346 b,2.26,5.73,26.201446,0.0787,450.0,8.8138,4801.0,0.7,-0.18,0.49639717873139955,0.2335676837151556,0.0,0.0008665210911233581,False,True,False,0,0,0.0,False,True,False
K2-415 b,1.015,7.5,4.0179694,0.027,412.4,4.82,5596.0,0.1965,-0.13,7.172377453057689,0.03397236509073952,0.09613998663612068,0.004835823782581363,True,False,False,0,0,0.02666666666666667,True,False,False
K2-419 A b,2.48,7.22,20.35847252,0.1208,377.0,3.3,3711.0,0.541,-0.11,0.47334975328119233,0.04980216210486414,0.0,0.0004356387335110739,False,True,False,0,0,0.0,False,True,False
K2-5 c,2.26,5.73,10.93241,0.0818,456.0,10.2,3930.0,0.57,-0.33,0.49639717873139955,0.06953600931431592,0.0,0.0004066412651423041,False,True,False,0,0,0.0,False,True,False
K2-62 c,1.99,4.62,16.19697,0.1148,495.0,14.3,4455.0,0.696,-0.1,0.5862498523272153,0.1711981875997624,0.0001838235294117649,0.0006866245536940401,False,True,False,0,0,0.0,False,True,False
K2-73 c,2.48,7.22,8.45778956,0.0787,186.1,0.285,5867.0,1.058,0.04,0.47334975328119233,1.1899413003513175,0.0,0.010683760683760684,True,False,False,0,0,0.0,True,False,False
K2-9 b,2.25,5.69,18.4498,0.091,314.0,1.36,5596.0,0.31,-0.25,0.49953360768175586,0.08455203426943697,0.0,0.004371584699453552,True,False,False,0,0,0.0033333333333333335,True,False,False
K2-99 c,2.48,7.22,8.45778956,0.0787,390.0,101.32650000000001,6069.0,0.94,0.2,0.47334975328119233,1.0755091440225513,0.0,0.0028538812785388126,False,False,False,0,0,0.0,False,False,False
KOI-1783.01,2.48,7.22,8.45778956,0.0787,412.0,5.7,5922.0,1.143,0.11,0.47334975328119233,1.4416370096552935,0.0,0.006213109661385522,True,False,False,0,0,0.0,True,False,False
KOI-1831 d,1.13,2.23,34.169,0.19924,475.0,11.8,5233.0,0.835,0.18,1.5455018618792613,0.46910033154558184,0.023836263020833335,0.0015521201961879929,True,False,False,0,0,0.0,True,False,False
KOI-351 h,2.48,7.22,8.45778956,0.0787,294.0,1.849,6031.13,1.185,0.083,0.47334975328119233,1.666945148877595,0.0,0.0036334200376356898,False,False,False,0,0,0.0,False,False,False
KOI-3680 b,2.48,7.22,8.45778956,0.0787,347.0,3.3,5830.0,0.96,0.16,0.47334975328119233,0.9552268802570936,0.0,0.016265452179570594,True,False,False,0,0,0.0,True,False,False
KOI-7913 b,2.34,6.08,24.278553,0.1456,432.0,8.27,4324.0,0.788,-0.06,0.4745216228889252,0.19475339002609146,0.0,0.0006483822861959412,False,True,False,0,0,0.0,False,True,False
Kepler-1009 b,2.17,5.35,11.35011917,0.0796,403.0,11.561,4027.0,0.57,-0.12,0.5235697908255502,0.07665951719866025,0.0,0.0005096216568819308,False,True,False,0,0,0.0,False,True,False
Kepler-1010 b,2.32,5.99,34.2685705,0.193,477.0,10.17,5253.0,0.82,-0.01,0.4796924330640864,0.4593536355528737,0.0,0.0018823175093174715,True,False,False,0,0,0.0,True,False,False
Kepler-102 f,0.861,4.3,27.453592,0.1656,495.0,10.0,4909.0,0.724,0.11,6.736882941493426,0.2731109486447397,0.022014204545454545,0.0010355182768975871,False,True,False,0,0,0.0033333333333333335,False,True,False
Kepler-1020 b,2.28,5.82,8.45778956,0.0787,325.0,2.339,5227.0,0.8,0.0,0.491041778036967,0.4286272958577793,0.0,0.0018115942028985507,True,False,False,0,0,0.0,True,False,False
Kepler-1026 b,2.21,5.52,36.5156053,0.1977,425.0,5.988,4948.0,0.75,-0.02,0.511401805155727,0.3025040131587428,0.0,0.0011797739553101626,False,True,False,0,0,0.0,False,True,False
Kepler-1040 b,2.08,4.98,8.45778956,0.0787,300.0,2.121,5694.0,0.96,0.01,0.5534002332726445,0.8691648753003833,0.0,0.011648223645894,True,False,False,0,0,0.0,True,False,False
Kepler-1052 c,2.3,5.9,8.45778956,0.0787,302.0,1.96,5818.0,0.848,-0.22,0.48491822141859137,0.7392246190150905,0.0,0.019992003198720514,True,False,False,0,0,0.0,True,False,False
Kepler-1060 b,2.38,6.26,8.45778956,0.2495,484.0,17.416,5797.0,0.99,-0.03,0.4643478745922492,0.9930553160934447,0.0,0.048543689320388356,True,False,False,0,0,0.0,True,False,False
Kepler-1086 b,2.44,6.53,18.78425728,0.1198,433.0,9.157,4350.0,0.66,0.06,0.4495144968081029,0.13993770555798715,0.0,0.0006601793046991562,False,True,False,0,0,0.0,False,True,False
Kepler-1090 b,2.25,5.69,8.45778956,0.0787,297.0,1.825,5321.0,0.82,-0.04,0.49953360768175586,0.4836047862489507,0.0,0.0020994289553241514,True,False,False,0,0,0.0,True,False,False
Kepler-1101 b,2.47,6.66,8.45778956,0.0787,393.0,3.577,5614.0,0.91,-0.04,0.4419604116283898,0.7380100361463078,0.0,0.005827505827505827,True,False,False,0,0,0.0,True,False,False
Kepler-1126 b,1.73,3.64,8.45778956,0.0787,374.0,4.55,5798.0,0.93,-0.26,0.7030125439455267,0.8769373973807205,0.03412162162162162,0.037792894935752074,True,False,False,0,0,0.0,True,False,False
Kepler-1126 c,1.45,2.7,8.45778956,0.0787,305.0,2.06,5678.0,0.921,0.02,0.8856451679035632,0.7910258264037344,0.16912899419026872,0.009706853038245,True,False,False,0,0,0.056666666666666664,True,False,False
Kepler-1132 b,2.35,6.12,8.45778956,0.0787,384.0,4.547,5298.0,0.83,-0.01,0.47157180971461043,0.4869606299497927,0.0,0.0020584179000020584,True,False,False,0,0,0.0,True,False,False
Kepler-1135 b,1.85,4.08,8.45778956,0.0787,451.0,25.76,5656.0,0.94,0.02,0.6443843405129015,0.811303146508094,0.0024328911310413535,0.007970667941973538,True,False,False,0,0,0.016666666666666666,True,False,False
Kepler-1151 b,2.22,5.56,8.45778956,0.0787,485.0,4.86,5470.0,0.85,-0.11,0.5081780100041603,0.5803326522811664,0.0,0.0029155368961194202,True,False,False,0,0,0.0,True,False,False
Kepler-1161 b,2.13,5.18,10.71252541,0.0784,485.0,26.229,4253.0,0.57,0.02,0.5360322869424294,0.09537204437266361,0.0,0.0006424588183897412,False,True,False,0,0,0.0,False,True,False
Kepler-1162 b,2.21,5.52,32.5637069,0.19,490.0,12.245,5390.0,0.84,-0.03,0.511401805155727,0.5343225250861521,0.0,0.002495819502333591,True,False,False,0,0,0.0,True,False,False
Kepler-1162 c,1.81,3.93,8.45778956,0.2832,401.0,6.14,5225.0,0.859,0.14,0.6627608187271585,0.4934252351533488,0.01616966230936819,0.001583380834758376,True,False,False,0,0,0.0,True,False,False
Kepler-1166 b,1.69,3.5,33.2406882,0.1975,486.0,14.188,5446.0,0.86,-0.02,0.7251167386155118,0.5837102242565643,0.006378390834869635,0.0029441205911794146,True,False,False,0,0,0.0,True,False,False
Kepler-1177 b,1.9,4.27,8.45778956,0.0787,377.0,11.862,5712.0,0.97,0.02,0.6225397288234437,0.8986407608360034,0.00537219889770038,0.014632718759145449,True,False,False,0,0,0.0,True,False,False
Kepler-1178 b,1.07,1.24,31.80634,0.1596,378.0,23.237,4990.0,0.75,-0.05,1.0122093673446564,0.31290648156574086,0.026380121302141353,0.001207073450419458,False,True,False,0,0,0.0,False,True,False
Kepler-1185 b,1.33,2.33,8.45778956,0.0787,355.0,9.31,5622.0,0.87,-0.04,0.9903780311199728,0.6784091866827013,0.049867307899558136,0.006124448799608035,True,False,False,0,0,0.0033333333333333335,True,False,False
Kepler-1196 b,2.23,5.6,8.45778956,0.0787,436.0,8.302,5756.0,0.97,0.0,0.5049791394019261,0.9266515564894856,0.0,0.043478260869565216,True,False,False,0,0,0.0,True,False,False
Kepler-120 c,1.53,2.96,12.794585,0.088,455.0,16.625,4096.0,0.534,-0.12,0.8264515882249635,0.07201320764528314,0.011203703703703702,0.0005305152363975893,False,True,False,0,0,0.0033333333333333335,False,True,False
Kepler-121 c,2.27,5.77,41.008011,0.216,425.0,7.296,5311.0,0.701,-0.08,0.49328537721755067,0.35077698552957337,0.0,0.001978474200696423,True,False,False,0,0,0.0,True,False,False
Kepler-1227 b,2.29,5.86,8.45778956,0.0787,369.0,4.179,5747.0,0.95,-0.04,0.48796780478356677,0.8832870212227444,0.0,0.03004807692307692,True,False,False,0,0,0.0,True,False,False
Kepler-1229 b,1.4,2.54,8.45778956,0.0787,212.0,0.524,3784.0,0.51,-0.06,0.9256559766763851,0.04784479664988743,0.2898075240594926,0.00047288031399252844,False,True,False,1,0,0.9633333333333334,False,True,False
Kepler-1236 b,2.14,5.22,31.0571618,0.1803,480.0,13.571,5337.0,0.82,-0.09,0.5326343646712809,0.4894477833143961,0.0,0.0020756361824899334,True,False,False,0,0,0.0,True,False,False
Kepler-124 d,1.11,1.41,30.950851,0.17,428.0,10.499,4984.0,0.636,0.02,1.0309798476343397,0.2239320293626838,0.039773990008793024,0.0012331976815883586,False,True,False,0,0,0.0,False,True,False
Kepler-1251 b,1.84,4.04,8.45778956,0.2478,487.0,13.78,5545.0,0.89,-0.04,0.648526752691707,0.6718557914942135,0.0033453615997594333,0.00410913872452334,True,False,False,0,0,0.0033333333333333335,True,False,False
Kepler-1261 b,2.26,5.73,8.45778956,0.239,396.0,4.744,5006.0,0.77,0.03,0.49639717873139955,0.33406784950460844,0.0,0.0012559816124291941,False,True,False,0,0,0.0,False,True,False
Kepler-1277 b,1.6,3.19,40.8365012,0.21857,496.0,12.11,5578.0,0.92,-0.01,0.7788085937499998,0.7351560648106324,0.008475294516484447,0.0049258657209004485,True,False,False,0,0,0.006666666666666667,True,False,False
Kepler-130 d,1.64,3.33,8.45778956,0.0787,451.0,9.834,5884.0,1.127,-0.199,0.7549404390534092,1.3659296688574005,0.014422189403729005,0.007794657541720903,True,False,False,0,0,0.0033333333333333335,True,False,False
Kepler-1309 b,2.37,6.21,28.8432647,0.1679,491.0,13.77,5235.0,0.8,-0.03,0.4664945369433249,0.43125740769747295,0.0,0.0017846944603083952,True,False,False,0,0,0.0,True,False,False
Kepler-1311 d,2.48,7.22,8.45778956,0.0787,391.0,6.0,5616.0,1.674,0.04,0.47334975328119233,2.500973867079867,0.0,0.005899008966493629,True,False,False,0,0,0.0,True,False,False
Kepler-132 e,1.18,1.76,8.45778956,0.0787,414.0,6.1,6023.0,1.1,-0.13,1.0711903359155515,1.428652721941611,0.06496478873239438,0.003597381106554429,False,False,False,0,0,0.006666666666666667,False,False,False
Kepler-1337 b,2.41,6.39,24.4002549,0.1441,437.0,9.183,4523.0,0.67,-0.09,0.45650940620128366,0.16855661705136843,0.0,0.0007304388476596739,False,True,False,0,0,0.0,False,True,False
Kepler-1353 b,1.8,3.89,24.7543966,0.153,491.0,10.767,4776.0,0.72,-0.06,0.6670096021947873,0.24199818865284978,0.0050163829164424035,0.0009405745029063751,False,True,False,0,0,0.0,False,True,False
Kepler-138 b,0.64,0.07,10.3134,0.0753,452.0,9.9,3841.0,0.535,-0.18,0.26702880859375,0.05589521650223891,0.02528032619775739,0.00043728463731612183,False,True,False,0,0,0.0033333333333333335,False,True,False
Kepler-138 c,1.51,2.3,13.7815,0.0913,410.0,6.8,3841.0,0.535,-0.18,0.6680315810477697,0.05589521650223891,0.036209045584045585,0.00043728463731612183,False,True,False,0,0,0.006666666666666667,False,True,False
Kepler-138 d,1.51,2.1,23.0923,0.1288,345.0,3.4,3841.0,0.535,-0.18,0.6099418783479638,0.05589521650223891,0.08932291666666665,0.00043728463731612183,False,True,False,0,0,0.016666666666666666,False,True,False
Kepler-138 e,0.797,0.43,38.23,0.1803,292.0,1.73,3841.0,0.535,-0.18,0.8493632993946391,0.05589521650223891,0.2878866503866504,0.00043728463731612183,False,True,False,0,0,0.14666666666666667,False,True,False
Kepler-1388 e,2.46,6.62,37.6327084,0.1861,299.0,3.97,4098.0,0.61,0.02,0.44468519243986815,0.09415368805390044,0.0,0.0005832196055102589,False,True,False,0,0,0.006666666666666667,False,True,False
Kepler-1389 b,1.77,3.78,8.45778956,0.0787,300.0,1.871,5078.0,0.74,-0.14,0.6816665774008053,0.3266811498757661,0.07677348194589573,0.0012513451960857922,False,True,False,0,0,0.03333333333333333,False,True,False
Kepler-140 c,1.8,3.89,8.45778956,0.0787,428.0,9.957,6077.0,1.288,-0.039,0.6670096021947873,2.0299181251482237,0.009380102014947315,0.003208213025344883,False,False,False,0,0,0.0,False,False,False
Kepler-1410 b,1.78,3.82,8.45778956,0.2543,290.0,1.06,4092.0,0.6,0.01,0.6773347480527512,0.09055967409114199,0.10605447680690398,0.0005868992352702964,False,True,False,1,0,0.98,False,True,False
Kepler-1418 b,1.66,3.39,22.4764425,0.131,419.0,7.29,4770.0,0.72,0.0,0.7410976465012322,0.24078440702607873,0.02235792789170353,0.0009910802775024777,False,True,False,0,0,0.0,False,True,False
Kepler-1439 b,1.46,2.73,8.07392849,0.0594,420.0,9.081,5596.0,0.43,-0.03,0.8772110216263044,0.16268128133630483,0.029014978672750723,0.0053053212372009126,True,False,False,0,0,0.0,True,False,False
Kepler-1450 b,1.71,3.57,8.45778956,0.2401,308.0,3.078,4524.0,0.68,-0.02,0.7139698704714662,0.1737793067558486,0.06617486785461285,0.0007811889696117491,False,True,False,0,0,0.006666666666666667,False,True,False
Kepler-1454 b,1.88,4.19,8.45778956,0.2447,492.0,9.08,5448.0,0.86,-0.02,0.6305804108916138,0.5845681483804911,0.0034722222222222246,0.0029619098394644866,True,False,False,0,0,0.0,True,False,False
Kepler-1455 b,2.16,5.31,8.45778956,0.2149,298.0,1.533,4075.0,0.6,-0.02,0.5269061499771375,0.08906412447761486,0.0,0.0005753475098959771,False,True,False,0,0,0.006666666666666667,False,True,False
Kepler-1456 b,1.14,1.55,18.1373829,0.1132,433.0,8.234,4231.0,0.62,-0.09,1.0462058501131255,0.11052113347864854,0.046243652684523386,0.0005926558092122419,False,True,False,0,0,0.0,False,True,False
Kepler-1457 b,1.99,4.62,8.45778956,0.26391,478.0,23.468,5866.0,1.01,-0.05,0.5862498523272153,1.083679435691931,0.00013907053203276857,0.010700909577314071,True,False,False,0,0,0.0,True,False,False
Kepler-1459 b,1.36,2.42,8.45778956,0.2829,349.0,3.511,4828.0,0.74,0.01,0.9620522084266231,0.26694533461783465,0.11182541441907434,0.0010411135750799053,False,True,False,0,0,0.0,False,True,False
Kepler-1460 b,1.96,4.5,29.9633247,0.1614,391.0,5.469,4422.0,0.67,-0.02,0.5976463888345843,0.15399776161688922,0.003971934525343093,0.0007224702703483751,False,True,False,0,0,0.0,False,True,False
Kepler-1461 b,2.03,4.78,29.3494775,0.1715,451.0,8.88,4919.0,0.74,-0.04,0.5713994037602625,0.287647483988699,0.0,0.0011180679785330948,False,True,False,0,0,0.0,False,True,False
Kepler-148 d,2.48,56.3,8.45778956,0.2607,413.0,6.532,5172.0,0.81,0.07,3.6910791010707933,0.4212054215331339,0.0,0.0015396695869066498,False,True,False,0,0,0.0,False,True,False
Kepler-1489 b,1.77,3.78,8.45778956,0.0787,400.0,11.893,5655.0,0.9,-0.13,0.6816665774008053,0.7431993238837816,0.010901695148961107,0.007136739937196689,True,False,False,0,0,0.0,True,False,False
Kepler-149 c,1.61,3.22,8.45778956,0.281,436.0,10.084,5381.0,0.953,0.3805,0.7715751707110063,0.6831681634201653,0.017104234331769514,0.0018200382572041666,True,False,False,0,0,0.0,True,False,False
Kepler-1499 b,1.19,1.81,44.2008,0.23225,409.0,7.371,5097.0,0.78,-0.01,1.074082623657471,0.36841524222408234,0.056108887827021864,0.0014517580790337097,False,True,False,0,0,0.006666666666666667,False,True,False
Kepler-1503 b,2.27,5.77,8.45778956,0.0787,321.0,5.636,5069.0,0.74,-0.19,0.49328537721755067,0.3243713246181383,0.0,0.0011835720203574387,False,True,False,0,0,0.0,False,True,False
Kepler-1504 b,2.13,5.18,8.45778956,0.0787,485.0,25.17,5393.0,0.81,-0.17,0.5360322869424294,0.4979452213050191,0.0,0.0022142509189141315,True,False,False,0,0,0.0,True,False,False
Kepler-1512 b,1.18,1.76,20.35972599,0.13693,322.0,1.6,4372.0,0.67,0.2,1.0711903359155515,0.1471499329274854,0.2781517094017094,0.0005922767116796968,False,True,False,0,0,0.02666666666666667,False,True,False
Kepler-1513 b,2.48,48.30991786,8.45778956,0.0787,346.0,2.23,5491.0,0.95,0.17,3.1672420637210066,0.7361101995849927,0.0,0.0029677113010446346,True,False,False,0,0,0.0,True,False,False
Kepler-1514 b,2.48,7.22,8.45778956,0.0787,387.9,3.23,6145.0,1.289,0.119,0.47334975328119233,2.125608282090153,0.0,0.0024284104596495317,False,False,False,0,0,0.0,False,False,False
Kepler-1515 b,2.48,7.22,8.45778956,0.0787,380.0,6.017,6511.0,1.41,0.07,0.47334975328119233,3.2056703229259926,0.0,0.0012732689908069978,False,False,False,0,0,0.0,False,False,False
Kepler-152 c,2.39,6.3,8.45778956,0.0787,326.0,2.57,5088.0,0.724,-0.12,0.46147358477588385,0.3151776353931342,0.0,0.0012921232168699606,False,True,False,0,0,0.0,False,True,False
Kepler-1540 b,2.49,6.76,8.45778956,0.0787,266.0,0.849,4540.0,0.69,0.1,0.43787349200029085,0.18147275935406132,0.0,0.0007337295472888693,False,True,False,0,0,0.0033333333333333335,False,True,False
Kepler-1544 b,1.78,3.82,8.45778956,0.0787,269.0,0.833,4886.0,0.74,0.02,0.6773347480527512,0.2800058726166824,0.11210371582712007,0.0010978635575170717,False,True,False,1,0,0.9966666666666667,False,True,False
Kepler-155 c,2.24,5.65,8.45778956,0.242,286.0,1.28,4508.0,0.62,-0.142,0.5026948000182214,0.1424324217128112,0.0,0.0006889510169605962,False,True,False,0,0,0.0,False,True,False
Kepler-1552 b,2.47,6.66,8.45778956,0.0787,268.0,1.854,5202.0,0.78,-0.07,0.4419604116283898,0.39972420440546746,0.0,0.0016197217318064756,True,False,False,0,0,0.0,True,False,False
Kepler-158 c,1.9,4.27,28.551383,0.158,418.0,6.677,4623.0,0.624,-0.3,0.6225397288234437,0.1595712338291415,0.007146165313418155,0.0006654245408570668,False,True,False,0,0,0.0,False,True,False
Kepler-1582 b,1.49,2.83,4.83817712,0.0316,354.0,2.5,5596.0,0.3,0.02,0.8555150034054335,0.07918504770290663,0.11232142857142857,0.005357334190506804,True,False,False,0,0,0.0033333333333333335,True,False,False
Kepler-159 b,2.38,6.26,10.139623,0.082,447.0,33.463,4625.0,0.663,-0.04,0.4643478745922492,0.1804528955207133,0.0,0.0008332222370350618,False,True,False,0,0,0.0,False,True,False
Kepler-1596 b,1.9,4.27,8.45778956,0.0787,471.0,33.378,5706.0,0.92,-0.11,0.6225397288234437,0.804993871296327,0.0010605135067000223,0.01234110823151919,True,False,False,0,0,0.0,True,False,False
Kepler-1599 b,1.62,3.26,8.45778956,0.0787,407.0,8.196,5767.0,0.99,0.02,0.7667831424372601,0.9726577349211736,0.0242481634527089,0.08169934640522875,True,False,False,0,0,0.016666666666666666,True,False,False
Kepler-1606 b,2.07,4.94,8.45778956,0.0787,324.0,1.29,5422.0,0.86,0.01,0.5569496207500039,0.5734886213413997,0.0,0.0027733865823557145,True,False,False,0,0,0.013333333333333334,True,False,False
Kepler-1609 b,2.22,5.56,8.45778956,0.0787,429.0,12.975,6132.0,1.27,0.1,0.5081780100041603,2.046001164734244,0.0,0.002560819462227913,False,False,False,0,0,0.0,False,False,False
Kepler-1610 c,2.09,5.02,8.45778956,0.2323,433.0,8.34,5295.0,0.8,-0.1,0.5498761190444555,0.45137103008107954,0.0,0.0018782870022539444,True,False,False,0,0,0.0,True,False,False
Kepler-1620 b,1.61,3.22,8.45778956,0.0787,428.0,7.92,6157.0,1.23,0.03,0.7715751707110063,1.950638030737125,0.02246823617339312,0.0025549310168625446,False,False,False,0,0,0.0033333333333333335,False,False,False
Kepler-1621 b,2.16,5.31,8.45778956,0.0787,469.0,14.055,6158.0,1.24,0.03,0.5269061499771375,1.983772924761013,0.0,0.0025482251611752414,False,False,False,0,0,0.0,False,False,False
Kepler-1630 b,2.19,5.43,8.45778956,0.0787,182.0,0.26,4736.0,0.63,0.02,0.5169725516137113,0.1791503758909002,0.0,0.0009399733047581448,False,True,False,0,0,0.0,False,True,False
Kepler-1632 b,2.47,6.66,8.45778956,0.0787,369.0,6.062,6137.0,1.19,0.0,0.4419604116283898,1.8022219128662889,0.0,0.002777777777777778,False,False,False,0,0,0.0,False,False,False
Kepler-1638 b,1.87,4.16,8.45778956,0.0787,304.0,2.76,5710.0,0.95,-0.01,0.6361631532160722,0.8607588438074533,0.032653664302600444,0.014349261013057828,True,False,False,0,0,0.01,True,False,False
Kepler-1646 b,1.23,2.04,4.48558383,0.0295,365.0,4.2,5596.0,0.26,0.04,1.0962631934469256,0.05947676916351654,0.10848691239316237,0.005254308532997057,True,False,False,0,0,0.0033333333333333335,True,False,False
Kepler-1649 b,1.017,1.03,8.689099,0.0514,307.0,2.208,5596.0,0.2317,-0.15,0.9792066764691724,0.047233784173058825,0.28620614262953725,0.0047517224994060355,True,False,False,0,0,0.02666666666666667,True,False,False
Kepler-1649 c,1.06,1.2,19.53527,0.0649,234.0,0.75,5596.0,0.2317,-0.15,1.0075431396387622,0.047233784173058825,0.4364285714285714,0.0047517224994060355,True,False,False,1,0,1.0,True,False,False
Kepler-1651 b,1.84,4.04,9.87863917,0.0692,393.0,5.65,3713.0,0.503,-0.16,0.648526752691707,0.04314451754929597,0.01528822055137844,0.0004172647461361285,False,True,False,0,0,0.006666666666666667,False,True,False
Kepler-1652 b,1.6,3.19,38.09722,0.1654,268.0,0.81,3638.0,0.382,-0.3,0.7788085937499998,0.022933342372906874,0.20564763658686308,0.00035928573994898136,False,False,True,1,0,0.97,False,False,True
Kepler-1653 b,2.17,5.35,8.45778956,0.0787,284.0,0.98,4807.0,0.693,-0.18,0.5235697908255502,0.23006619385093324,0.0,0.0008718699867475764,False,True,False,0,0,0.0033333333333333335,False,True,False
Kepler-1654 b,2.48,7.22,8.45778956,0.0787,206.0,0.3,5597.0,1.179,-0.088,0.47334975328119233,1.2238795771530746,0.0,0.005050096961861668,True,False,False,0,0,0.0033333333333333335,True,False,False
Kepler-166 c,2.38,6.26,34.260281,0.195,468.0,10.507,5413.0,0.742,-0.08,0.4643478745922492,0.4240819311613527,0.0,0.0025298522566282126,True,False,False,0,0,0.0,True,False,False
Kepler-167 e,2.48,7.22,8.45778956,0.0787,134.4,0.1,4884.0,0.749,0.02,0.47334975328119233,0.28638885060301145,0.0,0.0010954102311315586,False,True,False,0,0,0.0,False,True,False
Kepler-1701 b,2.22186207,5.57,8.45778956,0.0787,273.0,1.3,5146.0,0.840217,0.03,0.5078131115149923,0.44417274491800945,0.0,0.0015337658553045291,False,True,False,0,0,0.0,False,True,False
Kepler-1704 b,2.48,7.22,8.45778956,0.0787,253.8,0.342,5746.0,1.697,0.196,0.47334975328119233,2.816540634512523,0.0,0.025336981858720988,True,False,False,0,0,0.0033333333333333335,True,False,False
Kepler-171 d,1.89,4.23,39.595519,0.223,497.0,15.103,5642.0,0.839,0.17,0.6265488754780769,0.6399500817814675,0.001873788183016279,0.006238692370079232,True,False,False,0,0,0.0,True,False,False
Kepler-1712 b,2.28372556,5.83,13.81499958,0.0903,391.0,5.52,3732.0,0.509,0.02,0.4894821024968069,0.045091216790364166,0.0,0.0004789409657365633,False,True,False,0,0,0.0,False,True,False
Kepler-1716 b,2.4247685,6.46,35.58100128,0.18836,408.0,6.3,4894.0,0.684,-0.24,0.4531288078169808,0.2408007933732647,0.0,0.0009112447603426281,False,True,False,0,0,0.0,False,True,False
Kepler-174 c,1.49,2.83,44.000529,0.214,377.0,5.296,4880.0,0.622,0.02,0.8555150034054335,0.19685656710241473,0.055971383947479886,0.0010905363257650111,False,True,False,0,0,0.0033333333333333335,False,True,False
Kepler-174 d,2.19,5.43,8.45778956,0.0787,212.0,0.53,4880.0,0.622,0.02,0.5169725516137113,0.19685656710241473,0.0,0.0010905363257650111,False,True,False,0,0,0.0,False,True,False
Kepler-1742 b,2.1782413,5.38,8.45778956,0.2587,462.0,10.73,5776.0,0.849,-0.18,0.5205522300237665,0.7198035242801102,0.0,0.2824858757062147,True,False,False,0,0,0.0,True,False,False
Kepler-1746 b,2.48,59.1,8.45778956,0.0787,310.0,3.4,6018.0,1.286,0.06,3.874649642509483,1.946168866654748,0.0,0.003914507163548109,False,False,False,0,0,0.0,False,False,False
Kepler-1749 b,1.61301783,3.23,14.53409958,0.0956,420.0,7.34,3957.0,0.553,-0.16,0.7696353699425486,0.06726734917441855,0.025133734062749807,0.00047314432794579665,False,True,False,0,0,0.006666666666666667,False,True,False
Kepler-176 e,1.45,0.52075,8.45778956,0.25654,398.0,6.22,5295.0,0.83,0.03,0.17081471155028907,0.4858585978482119,0.0470817943982764,0.002005937575222659,True,False,False,0,0,0.0,True,False,False
Kepler-1760 b,2.28995546,5.86,38.3260994,0.2084,480.0,12.56,5229.0,0.903,0.08,0.48799627849295407,0.5469402916874726,0.0,0.0016835016835016832,True,False,False,0,0,0.0,True,False,False
Kepler-1766 b,2.27904508,5.81,8.45778956,0.0787,406.0,7.8,5868.0,1.042,-0.22,0.4908145008947524,1.1550099049013114,0.0,0.009007386056566386,True,False,False,0,0,0.0,True,False,False
Kepler-177 c,2.48,14.7,8.45778956,0.25655,497.0,25.4,5732.0,1.324,-0.11,0.96374534255312,1.6978157070918178,0.0,0.01916810427448725,True,False,False,0,0,0.0,True,False,False
Kepler-1798 b,2.30911251,5.94,16.85589981,0.1082,408.0,6.52,3967.0,0.587,0.06,0.48244872448589016,0.07656227933858795,0.0,0.0005206380940480653,False,True,False,0,0,0.0,False,True,False
Kepler-1802 c,2.322,6.0,33.13610077,0.1748,357.0,3.86,4245.0,0.637,0.0,0.47925273962001014,0.11821687993673266,0.0,0.000651890482398957,False,True,False,0,0,0.0,False,True,False
Kepler-1805 b,1.54502915,3.0,8.847940445,0.0699,479.0,12.48,3867.0,0.552,0.1,0.8134132111225003,0.06113144952293566,0.011367708449245796,0.0004754659566375047,False,True,False,0,0,0.0,False,True,False
Kepler-1816 b,1.9679397,4.53,8.45778956,0.0787,310.0,2.0,5051.0,0.706,-0.24,0.5943781569879336,0.2910775602629363,0.009870416435185164,0.0011077632045373982,False,True,False,0,0,0.0,False,True,False
Kepler-1817 b,2.27349126,5.79,44.29919815,0.2348,463.0,10.85,5316.0,0.915,0.16,0.49271830467187483,0.5998904209558726,0.0,0.0018619200119162882,True,False,False,0,0,0.0,True,False,False
Kepler-1824 b,2.38127597,6.26,8.45778956,0.0787,421.0,7.45,6002.0,1.081,0.2,0.4636018335500172,1.3605835072902408,0.0,0.003703703703703704,False,False,False,0,0,0.0,False,False,False
Kepler-1849 b,2.38685349,6.29,8.45778956,0.2597,355.0,3.76,4806.0,0.729,-0.1,0.4625656293454678,0.25437824836895095,0.0,0.000934317481080071,False,True,False,0,0,0.0,False,True,False
Kepler-1853 b,1.51862272,2.92,8.45778956,0.2395,386.0,5.23,4821.0,0.788,0.16,0.8337448653930966,0.3009475491507068,0.05097516675584092,0.0008998632207904398,False,True,False,0,0,0.0033333333333333335,False,True,False
Kepler-1858 b,2.42168247,6.44,8.45778956,0.0787,330.0,2.79,4939.0,0.819,0.16,0.45345508174299154,0.35810778151782896,0.0,0.0010262725779967162,False,True,False,0,0,0.0,False,True,False
Kepler-186 c,1.25,2.1,7.267302,0.0451,464.0,13.98,3788.0,0.472,-0.28,1.0752000000000002,0.04115415875444927,0.01947040498442367,0.0003923907584128579,False,True,False,0,0,0.0,False,True,False
Kepler-186 d,1.4,2.54,13.342996,0.0781,379.0,7.204,3788.0,0.472,-0.28,0.9256559766763851,0.04115415875444927,0.05002640988135869,0.0003923907584128579,False,True,False,0,0,0.006666666666666667,False,True,False
Kepler-186 e,1.27,2.15,22.407704,0.11,319.0,3.608,3788.0,0.472,-0.28,1.0496083984293951,0.04115415875444927,0.14136797116126543,0.0003923907584128579,False,True,False,0,0,0.0033333333333333335,False,True,False
Kepler-186 f,1.17,1.71,8.45778956,0.0787,177.0,0.3,3755.0,0.523,-0.26,1.0676736515000815,0.04879024434133099,0.3923878205128205,0.0003921199573373486,False,True,False,0,0,0.28,False,True,False
Kepler-1874 b,2.21110724,5.52,8.45778956,0.2633,356.0,3.79,4701.0,0.775,0.24,0.5106339169895188,0.2631808345436194,0.0,0.0007480998264408404,False,True,False,0,0,0.0,False,True,False
Kepler-1918 b,2.29763023,5.89,8.45778956,0.2524,497.0,14.43,5889.0,0.924,-0.16,0.4855957587503143,0.9212977482164829,0.0,0.00769704433497537,True,False,False,0,0,0.0,True,False,False
Kepler-1926 b,2.31495961,5.97,42.87770081,0.2197,451.0,9.8,5256.0,0.832,-0.16,0.4812204520990775,0.4739777213472387,0.0,0.001648315421639085,True,False,False,0,0,0.0,True,False,False
Kepler-1948 b,1.03283226,1.09,15.57129955,0.1022,399.0,5.98,3872.0,0.557,0.12,0.9893207421557263,0.06256646741900584,0.08515833431829035,0.0004681998651584388,False,True,False,0,0,0.006666666666666667,False,True,False
Kepler-195 c,1.55,3.02,34.096863,0.197,469.0,11.281,5329.0,0.775,0.04,0.8109831828404551,0.4345864046141757,0.013613508671932253,0.0021367521367521365,True,False,False,0,0,0.0,True,False,False
Kepler-196 c,2.24,5.65,8.45778956,0.24,407.0,6.88,5128.0,0.782,0.03,0.5026948000182214,0.3793983362985566,0.0,0.0014913575828076299,False,True,False,0,0,0.0,False,True,False
Kepler-1965 b,1.35415138,2.4,41.86869812,0.22971,492.0,13.8,5852.0,0.837,-0.3,0.9665172103884301,0.7371536762914503,0.012727872578828825,0.010256410256410256,True,False,False,0,0,0.006666666666666667,True,False,False
Kepler-198 c,2.47,6.66,8.45778956,0.259,465.0,11.354,5574.0,0.94,0.1142,0.4419604116283898,0.7652677553706416,0.0,0.004378072859888534,True,False,False,0,0,0.0,True,False,False
Kepler-1981 b,2.48,7.22,8.45778956,0.0787,390.0,5.45,5874.0,0.94,0.12,0.47334975328119233,0.9438029401144974,0.0,0.009204712812960234,True,False,False,0,0,0.0,True,False,False
Kepler-1996 b,2.26,5.73,32.376183,0.1789,392.0,5.61,4580.0,0.675,0.08,0.49639717873139955,0.17987023731186474,0.0,0.0007722484786704969,False,True,False,0,0,0.0,False,True,False
Kepler-2000 c,1.57,3.09,20.6180348,0.1228,359.0,3.92,3757.0,0.576,0.02,0.7984716890105229,0.05930613161659171,0.0658522470641373,0.0004848625899420104,False,True,False,0,0,0.0033333333333333335,False,True,False
Kepler-205 c,1.64,3.33,20.306546,0.122,389.0,7.14,4321.0,0.546,-0.1254,0.7549404390534092,0.09324213316568314,0.02871621621621622,0.0006094464690256145,False,True,False,0,0,0.0,False,True,False
Kepler-215 e,1.75,3.71,8.45778956,0.0787,405.0,7.444,5739.0,1.027,0.02,0.6922448979591836,1.0265394314397842,0.017579050213169117,0.024509803921568627,True,False,False,0,0,0.0,True,False,False
Kepler-22 b,2.1,9.1,8.45778956,0.0787,279.0,1.013,5596.0,0.869,-0.255,0.9826152683295539,0.6644162200930519,0.0,0.004354168027344176,True,False,False,0,0,0.056666666666666664,True,False,False
Kepler-220 d,0.98,0.904,28.122397,0.163,401.0,8.208,4632.0,0.666,-0.1738,0.960484152011492,0.1831945339001343,0.06467051597644559,0.0007427496860768452,False,True,False,0,0,0.0,False,True,False
Kepler-220 e,1.33,2.33,8.45778956,0.226,341.0,4.274,4632.0,0.666,-0.1738,0.9903780311199728,0.1831945339001343,0.10365972485568617,0.0007427496860768452,False,True,False,0,0,0.0,False,True,False
Kepler-225 c,1.84,4.04,18.794234,0.111,412.0,9.903,3682.0,0.48,-0.04,0.648526752691707,0.0379933388860732,0.008356517574164089,0.0004585305014489563,False,False,True,0,0,0.0033333333333333335,False,False,True
Kepler-230 c,2.04,4.82,8.45778956,0.0787,359.0,2.976,5588.0,0.817,-0.21,0.5677492065645943,0.5839283390194175,0.0,0.004326943879537882,True,False,False,0,0,0.0,True,False,False
Kepler-231 b,1.73,35.4,10.065275,0.074,488.0,14.879,3767.0,0.49,-0.1,6.836990125184517,0.04337749724105921,0.0051955412809370875,0.00045183444785830467,False,True,False,0,0,0.006666666666666667,False,True,False
Kepler-231 c,1.93,24.1,19.271566,0.114,393.0,6.267,3767.0,0.49,-0.1,3.3523172788865083,0.04337749724105921,0.00612070547222605,0.00045183444785830467,False,True,False,0,0,0.0,False,True,False
Kepler-235 d,2.05,4.86,20.060548,0.122,401.0,4.03,4255.0,0.554,0.02,0.5641241421337475,0.09026255800814455,0.0,0.0006433019401986516,False,True,False,0,0,0.0,False,True,False
Kepler-235 e,2.22,5.56,8.45778956,0.213,306.0,1.33,4255.0,0.554,0.02,0.5081780100041603,0.09026255800814455,0.0,0.0006433019401986516,False,True,False,0,0,0.0,False,True,False
Kepler-236 b,1.57,3.09,8.295611,0.065,469.0,15.632,3750.0,0.51,-0.05,0.7984716890105229,0.04614825386743006,0.009605395890118112,0.0004693844023563097,False,True,False,0,0,0.0,False,True,False
Kepler-236 c,2.0,4.66,23.968127,0.132,329.0,3.802,3750.0,0.51,-0.05,0.5825,0.04614825386743006,0.0,0.0004693844023563097,False,True,False,0,0,0.0,False,True,False
Kepler-249 c,1.51,2.89,7.113702,0.058,429.0,12.529,5596.0,0.482,-0.34,0.8393962040121977,0.20440652247255642,0.018486522778229483,0.004077970801729059,True,False,False,0,0,0.0033333333333333335,True,False,False
Kepler-249 d,1.57,3.09,15.368459,0.097,332.0,4.474,5596.0,0.482,-0.34,0.7984716890105229,0.20440652247255642,0.0665519831120854,0.004077970801729059,True,False,False,0,0,0.0033333333333333335,True,False,False
Kepler-252 c,2.15,5.27,10.848463,0.08,499.0,20.507,4208.0,0.549,-0.13,0.5302677751644509,0.08478859981379125,0.0,0.0005633072897596367,False,True,False,0,0,0.0,False,True,False
Kepler-26 e,2.41,6.39,8.45778956,0.22,276.0,1.753,4486.0,0.571,-0.21,0.45650940620128366,0.11846747810608929,0.0,0.000639169590867545,False,True,False,0,0,0.0,False,True,False
Kepler-260 c,1.74,3.68,8.45778956,0.0787,372.0,6.775,5250.0,0.862,0.29,0.6985541447799024,0.5064558538110348,0.02368703108252947,0.0014653947040635395,True,False,False,0,0,0.0033333333333333335,True,False,False
Kepler-263 c,2.47,6.66,8.45778956,0.242,386.0,5.994,5265.0,0.785,-0.0314,0.4419604116283898,0.42483732491708665,0.0,0.0018862956096846943,True,False,False,0,0,0.0,True,False,False
Kepler-267 c,2.13,5.18,6.87745,0.06,484.0,17.583,4258.0,0.555,-0.18,0.5360322869424294,0.0908444593526084,0.0,0.0005571713524777411,False,True,False,0,0,0.0,False,True,False
Kepler-267 d,2.27,5.77,28.464515,0.154,301.0,2.647,4258.0,0.555,-0.18,0.49328537721755067,0.0908444593526084,0.0,0.0005571713524777411,False,True,False,0,0,0.0,False,True,False
Kepler-283 b,2.13,5.18,11.008151,0.082,488.0,16.26,4351.0,0.566,-0.17,0.5360322869424294,0.1030099189627473,0.0,0.0005985300102947163,False,True,False,0,0,0.0,False,True,False
Kepler-283 c,1.82,3.97,8.45778956,0.0787,240.0,0.949,4351.0,0.566,-0.17,0.6585311802073063,0.1030099189627473,0.07696254489481785,0.0005985300102947163,False,True,False,1,0,1.0,False,True,False
Kepler-289 c,2.48,7.22,8.45778956,0.0787,394.0,4.882,5990.0,1.0,0.05,0.47334975328119233,1.1550403059984864,0.0,0.004471272076905879,True,False,False,0,0,0.0,True,False,False
Kepler-296 b,1.61,3.22,10.864384,0.079,495.0,6.5,3740.0,0.48,-0.08,0.7715751707110063,0.04044443134250126,0.014624999999999996,0.00045410785969883565,False,True,False,0,0,0.0,False,True,False
Kepler-296 d,2.09,5.02,19.850291,0.118,403.0,2.9,3740.0,0.48,-0.08,0.5498761190444555,0.04044443134250126,0.0,0.00045410785969883565,False,True,False,0,0,0.0,False,True,False
Kepler-296 e,1.53,2.96,34.14211,0.169,337.0,1.41,3740.0,0.48,-0.08,0.8264515882249635,0.04044443134250126,0.1618401337021669,0.00045410785969883565,False,True,False,0,0,0.20333333333333334,False,True,False
Kepler-296 f,1.8,3.89,8.45778956,0.255,274.0,0.62,3740.0,0.48,-0.08,0.6670096021947873,0.04044443134250126,0.11745541838134425,0.00045410785969883565,False,True,False,1,0,0.97,False,True,False
Kepler-298 c,1.93,4.38,22.92881,0.136,416.0,8.696,4465.0,0.582,-0.21,0.6092593228847678,0.12078741089424705,0.004010817748441514,0.000628954551744091,False,True,False,0,0,0.0,False,True,False
Kepler-30 c,2.48,7.22,8.45778956,0.0787,411.0,6.217,5498.0,0.95,0.18,0.47334975328119233,0.739870995801556,0.0,0.00301586344170336,True,False,False,0,0,0.0,True,False,False
Kepler-30 d,2.48,23.1,8.45778956,0.0787,308.0,1.962,5498.0,0.95,0.18,1.514456966869189,0.739870995801556,0.0,0.00301586344170336,True,False,False,0,0,0.0,True,False,False
Kepler-306 e,2.27,5.77,44.840975,0.227,390.0,6.185,4954.0,0.719,-0.13,0.49328537721755067,0.2793647714819519,0.0,0.0010726736390453205,False,True,False,0,0,0.016666666666666666,False,True,False
Kepler-310 d,2.47,7.0,8.45778956,0.0787,353.0,3.664,5797.0,0.876,-0.12,0.46452295516497427,0.7775194533644763,0.0,0.044642857142857144,True,False,False,0,0,0.0,True,False,False
Kepler-311 d,2.05,4.86,8.45778956,0.0787,327.0,2.71,5903.0,1.156,-0.1,0.5641241421337475,1.4557830249707342,0.0,0.007215007215007214,True,False,False,0,0,0.0,True,False,False
Kepler-32 c,2.0,7.22,8.7522,0.09,451.0,10.68,3900.0,0.53,0.0,0.9025,0.05830422370348636,0.0,0.0005321979776476849,False,True,False,0,0,0.0,False,True,False
Kepler-327 d,1.73,3.64,13.969457,0.09,387.0,7.59,3799.0,0.492,-0.2,0.7030125439455267,0.04523735767211945,0.02062718277066356,0.0004208754208754209,False,True,False,0,0,0.0033333333333333335,False,True,False
Kepler-329 c,1.93,4.38,18.684737,0.113,402.0,11.869,4257.0,0.523,0.02,0.6092593228847678,0.08059494966897834,0.0032863211334732078,0.0006441472778336039,False,True,False,0,0,0.0,False,True,False
Kepler-331 c,1.84,4.04,17.28111,0.105,425.0,13.888,4347.0,0.492,0.1179,0.648526752691707,0.07754943111315239,0.005634664756104839,0.0006246748567370683,False,True,False,0,0,0.006666666666666667,False,True,False
Kepler-331 d,1.64,3.33,32.134328,0.159,346.0,6.065,4347.0,0.492,0.1179,0.7549404390534092,0.07754943111315239,0.04069355980184007,0.0006246748567370683,False,True,False,0,0,0.0033333333333333335,False,True,False
Kepler-332 d,1.18,1.76,34.21154,0.189,427.0,7.253,4955.0,0.72,-0.13,1.0711903359155515,0.2803686678439974,0.05140386660742896,0.00107397542744222,False,True,False,0,0,0.0033333333333333335,False,True,False
Kepler-333 b,1.32,28.2,12.551158,0.087,480.0,16.819,4259.0,0.534,0.0465,12.261040153602135,0.08417883758189156,0.01272050433058346,0.0006286619558930772,False,True,False,0,0,0.0033333333333333335,False,True,False
Kepler-333 c,1.11,1.41,24.08821,0.135,386.0,7.049,4259.0,0.534,0.0465,1.0309798476343397,0.08417883758189156,0.0729472950401016,0.0006286619558930772,False,True,False,0,0,0.0,False,True,False
Kepler-353 c,1.38,2.48,8.410894,0.065,472.0,16.561,3903.0,0.504,-0.12,0.9436575558051684,0.05288653670168209,0.012749210687824667,0.000475936643314042,False,True,False,0,0,0.0033333333333333335,False,True,False
Kepler-354 d,1.24,2.07,24.209842,0.146,451.0,8.949,4648.0,0.674,-0.03,1.0856886307945353,0.19022785925582872,0.033155202644598564,0.0008584206776372829,False,True,False,0,0,0.0,False,True,False
Kepler-367 b,1.3,2.24,37.815724,0.201,401.0,5.985,4710.0,0.695,0.1974,1.019572143832499,0.21327654055270032,0.06089437683925871,0.0007812374269601599,False,True,False,0,0,0.0,False,True,False
Kepler-367 c,1.2,1.87,8.45778956,0.253,357.0,3.761,4710.0,0.695,0.1974,1.082175925925926,0.21327654055270032,0.1277742771126514,0.0007812374269601599,False,True,False,0,0,0.0033333333333333335,False,True,False
Kepler-369 c,1.41,2.57,14.871572,0.094,391.0,4.21,5596.0,0.471,-0.09,0.9168024925612358,0.19518322408289454,0.07274338878225636,0.0050132852057953575,True,False,False,0,0,0.006666666666666667,True,False,False
Kepler-37 d,2.03,2.0,39.7922622,0.2109,499.0,10.39,5357.0,0.789,0.02,0.2390792484352563,0.45997098993177515,0.0,0.0023232041631818605,True,False,False,0,0,0.0033333333333333335,True,False,False
Kepler-37 e,0.37,8.1,8.45778956,0.25,401.0,101.32650000000001,5288.0,0.772,-0.25,159.91155509051785,0.41810969364642225,0.0021971472579330755,0.0016293279022403257,True,False,False,0,0,0.0,True,False,False
Kepler-371 c,1.78,3.82,8.45778956,0.0787,443.0,17.063,5666.0,0.992,-0.1975,0.6773347480527512,0.9099540766745962,0.005624604009423807,0.007390027158349807,True,False,False,0,0,0.0,True,False,False
Kepler-378 c,0.7,0.271,28.906009,0.166,414.0,8.166,4661.0,0.671,0.1369,0.7900874635568516,0.19065636210501988,0.04295766964870172,0.0007867485115898283,False,True,False,0,0,0.0,False,True,False
Kepler-383 c,1.24,2.07,31.200751,0.172,406.0,6.44,4710.0,0.672,-0.1785,1.0856886307945353,0.19939397192474642,0.06029719235364397,0.000793766393756551,False,True,False,0,0,0.0,False,True,False
Kepler-395 c,1.32,2.3,34.989262,0.177,341.0,2.11,4262.0,0.556,-0.02,1.0000139132370536,0.09151519609641338,0.17841193283315468,0.00064627037367353,False,True,False,0,0,0.02,False,True,False
Kepler-399 d,1.89,4.23,8.45778956,0.261,486.0,5.57,5502.0,0.68,0.14,0.6265488754780769,0.380180659389903,0.005232115677321161,0.003166761669516752,True,False,False,0,0,0.0,True,False,False
Kepler-401 d,2.27,5.77,8.45778956,0.0787,380.0,8.485,6184.0,1.29,0.02,0.49328537721755067,2.1834698237319343,0.0,0.0024088259382377027,False,False,False,0,0,0.0,False,False,False
Kepler-409 b,1.199,6.0,8.45778956,0.0787,438.0,6.15,5421.0,0.897,0.05,3.480917265489395,0.6234367010988981,0.053680069930069914,0.0026602819898909284,True,False,False,0,0,0.006666666666666667,True,False,False
Kepler-418 b,2.48,7.22,8.45778956,0.0787,434.0,8.877,5820.0,1.09,-0.05,0.47334975328119233,1.223023450729174,0.0,0.022148394241417495,True,False,False,0,0,0.0,True,False,False
Kepler-42 d,0.57,0.357785,1.865169,0.0154,450.0,12.538,5596.0,0.17,-0.33,1.9319574713947079,0.025427198651266688,0.01842037228541882,0.004108632236328526,True,False,False,0,0,0.0,True,False,False
Kepler-430 c,1.75,3.71,8.45778956,0.0787,458.0,9.096,5884.0,1.485,0.2,0.6922448979591836,2.3715561600483586,0.010145657245994012,0.00778816199376947,True,False,False,0,0,0.0,True,False,False
Kepler-437 b,2.14,5.22,8.45778956,0.0787,308.0,2.15,4551.0,0.68,0.0,0.5326343646712809,0.1779651714827911,0.0,0.0008143322475570033,False,True,False,0,0,0.0,False,True,False
Kepler-438 b,1.12,1.46,35.23319,0.166,288.0,1.4,3748.0,0.52,0.16,1.0391991618075798,0.04787346543917831,0.36666666666666664,0.00042445542369140397,False,True,False,1,0,0.72,False,True,False
Kepler-439 b,2.24,5.65,8.45778956,0.0787,291.0,1.83,5431.0,0.866,0.02,0.5026948000182214,0.5853893879179263,0.0,0.002817218841559612,True,False,False,0,0,0.0,True,False,False
Kepler-440 b,1.86,4.12,8.45778956,0.242,229.0,1.2,4134.0,0.559,-0.3,0.6402629678115562,0.08188330338398936,0.050599747474747436,0.00046761748889408465,False,True,False,1,0,0.94,False,True,False
Kepler-441 b,1.64,3.33,8.45778956,0.0787,189.0,0.21,4340.0,0.55,0.02,0.7549404390534092,0.0962884391991038,0.1952479338842976,0.0006813010124133044,False,True,False,0,0,0.3433333333333333,False,True,False
Kepler-442 b,1.34,2.36,8.45778956,0.0787,241.0,0.66,4402.0,0.598,0.02,0.980838733487829,0.12047373389074023,0.3327058232931726,0.0007119768749911002,False,True,False,1,0,1.0,False,True,False
Kepler-443 b,2.33,6.04,8.45778956,0.0787,233.0,0.86,4723.0,0.706,-0.01,0.4774953817737641,0.22252101609027805,0.0,0.0009375937593759376,False,True,False,0,0,0.01,False,True,False
Kepler-445 b,1.58,3.12,2.984151,0.0217,401.0,17.657,5596.0,0.21,0.27,0.7910124756865075,0.03880067337442424,0.013678958746493716,0.00430274084591885,True,False,False,0,0,0.0,True,False,False
Kepler-445 d,1.25,2.1,8.15275,0.0439,305.0,4.314,5596.0,0.21,0.27,1.0752000000000002,0.03880067337442424,0.13280563919207125,0.00430274084591885,True,False,False,0,0,0.02,True,False,False
Kepler-446 d,1.35,2.39,5.148921,0.0403,436.0,3.307,5596.0,0.24,-0.3,0.9713966366915612,0.05067843052986024,0.07336248484379433,0.004203446826397646,True,False,False,0,0,0.0,True,False,False
Kepler-452 b,1.63,3.29,8.45778956,0.0787,265.0,1.1,5757.0,1.11,0.21,0.7596841838140166,1.214285265978851,0.16211970899470904,0.03756574004507889,True,False,False,1,0,0.9833333333333333,True,False,False
Kepler-46 c,2.48,7.22,8.45778956,0.2799,455.0,101.32650000000001,5155.0,0.938,0.02,0.47334975328119233,0.5574555006740728,0.0,0.0015711412770236298,False,True,False,0,0,0.0,False,True,False
Kepler-48 d,2.04,7.93,42.8961,0.23302,448.0,9.292,5194.0,0.89,0.17,0.9340770141197577,0.5172227802439266,0.0,0.0014610271020527432,False,True,False,0,0,0.0,False,True,False
Kepler-482 b,2.36,6.17,8.45778956,0.25787,352.0,4.436,4871.0,0.72,-0.13,0.46940656055390284,0.2618347962348015,0.0,0.0009746208724806052,False,True,False,0,0,0.0,False,True,False
Kepler-49 c,2.444,8.38,10.91,0.07821,443.0,12.341,4095.6,0.618,0.03,0.5740376976710184,0.09641329765968613,0.0,0.0005767338638515902,False,True,False,0,0,0.0,False,True,False
Kepler-49 e,1.56,1.03815,18.596108,0.116,371.0,6.063,4252.0,0.559,0.03,0.2734552799271734,0.09164029723348395,0.04434297670174776,0.0006358047062264355,False,True,False,0,0,0.0,False,True,False
Kepler-504 b,1.59,3.15,9.549275422,0.0646,374.0,5.991,5596.0,0.33,-0.31,0.7836446641634816,0.09581390772051702,0.041134236081310886,0.0041713594460434655,True,False,False,0,0,0.0,True,False,False
Kepler-51 c,2.48,4.0,8.45778956,0.0787,439.0,4.331,6018.0,0.94,0.05,0.26224363062669936,1.0398107206548663,0.0,0.003951788184153329,False,False,False,0,0,0.0,False,False,False
Kepler-51 d,2.48,7.6,8.45778956,0.0787,381.0,2.466,6018.0,0.94,0.05,0.4982628981907288,1.0398107206548663,0.0,0.003951788184153329,False,False,False,0,0,0.0,False,False,False
Kepler-52 c,1.84,45.4,16.3850021,0.10379,433.0,8.55,4075.0,0.52,0.0,7.287899646585024,0.06689705349651962,0.008318789994182658,0.0005868544600938967,False,True,False,0,0,0.006666666666666667,False,True,False
Kepler-52 d,1.95,7.22,36.445171,0.182,332.0,2.945,4263.0,0.556,0.0,0.9737183701680744,0.09160111576762317,0.010737924236023105,0.0006596306068601583,False,True,False,0,0,0.0,False,True,False
Kepler-538 b,2.215,12.9,8.45778956,0.0787,417.0,5.07,5534.0,0.8717,-0.09,1.1870486504872935,0.6394116740863097,0.0,0.003744617112900206,True,False,False,0,0,0.0,True,False,False
Kepler-539 b,2.48,7.22,8.45778956,0.0787,387.6,3.681,5820.0,0.952,-0.01,0.47334975328119233,0.9329442349041772,0.0,0.023025558369790467,True,False,False,0,0,0.0,True,False,False
Kepler-539 c,2.48,7.22,8.45778956,0.0787,253.0,101.32650000000001,5820.0,0.952,-0.01,0.47334975328119233,0.9329442349041772,0.0,0.023025558369790467,True,False,False,0,0,0.0,True,False,False
Kepler-54 b,2.1,0.98,8.0109434,0.0619,453.0,12.357,3705.0,0.5,-0.27,0.1058201058201058,0.04226517854030596,0.0,0.00037965360405166327,False,True,False,0,0,0.0033333333333333335,False,True,False
Kepler-54 c,1.23,0.7,12.0717249,0.0809,395.0,3.07,3705.0,0.5,-0.27,0.37616874284943524,0.04226517854030596,0.11890015015015014,0.00037965360405166327,False,True,False,0,0,0.013333333333333334,False,True,False
Kepler-54 d,1.53,12.0946,20.995694,0.126,328.0,3.425,4252.0,0.554,-0.27,3.376892357751906,0.09000826759294793,0.09146264908976773,0.0005156526357584476,False,True,False,0,0,0.023333333333333334,False,True,False
Kepler-55 b,2.43,43.0,27.9481449,0.1593,400.0,6.642,4362.0,0.58,-0.01,2.9967439331790215,0.10926686481088295,0.0,0.0006987290119273042,False,True,False,0,0,0.0033333333333333335,False,True,False
Kepler-55 c,2.21,7.22,42.1516418,0.2095,349.0,3.84,4362.0,0.58,-0.01,0.6688987379029617,0.10926686481088295,0.0,0.0006987290119273042,False,True,False,0,0,0.0033333333333333335,False,True,False
Kepler-553 c,2.48,7.22,8.45778956,0.0787,251.0,0.589,5191.0,0.902,0.152,0.47334975328119233,0.5300380414797768,0.0,0.0014762849584278156,False,True,False,0,0,0.0,False,True,False
Kepler-558 b,2.37,6.21,29.00790538,0.1759,498.0,15.227,5242.0,0.81,-0.06,0.4664945369433249,0.4444756299890357,0.0,0.0017567899933241978,True,False,False,0,0,0.0,True,False,False
Kepler-560 b,1.72,3.61,18.47764449,0.0899,298.0,2.46,5596.0,0.33,0.02,0.7094501113109538,0.09581390772051702,0.07811496467565833,0.005357334190506804,True,False,False,0,0,0.016666666666666666,True,False,False
Kepler-568 b,2.26,5.73,11.02347475,0.0794,429.0,8.37,3768.0,0.53,0.11,0.49639717873139955,0.05080250949084924,0.0,0.00044798652456534097,False,True,False,0,0,0.0,False,True,False
Kepler-61 b,2.15,5.27,8.45778956,0.24861,273.0,1.69,4017.0,0.62,0.03,0.5302677751644509,0.08980087242204884,0.0,0.0005510066892212072,False,True,False,0,0,0.0,False,True,False
Kepler-62 e,1.61,36.0,8.45778956,0.0787,270.0,1.352,4925.0,0.64,0.02,8.626306256396344,0.2162094824892006,0.1554528061224489,0.0011480001836800292,False,True,False,1,0,0.9766666666666667,False,True,False
Kepler-62 f,1.41,35.0,8.45778956,0.0787,208.0,0.5,4925.0,0.64,0.02,12.485637058226947,0.2162094824892006,0.2840740740740741,0.0011480001836800292,False,True,False,1,0,0.9966666666666667,False,True,False
Kepler-622 b,2.13,5.18,14.28226676,0.0978,446.0,12.486,4201.0,0.61,-0.09,0.5360322869424294,0.10398249793840497,0.0,0.0005813885885047848,False,True,False,0,0,0.0,False,True,False
Kepler-69 c,1.71,3.57,8.45778956,0.0787,299.0,2.687,5638.0,0.93,-0.29,0.7139698704714662,0.7840721591945519,0.07565055902118556,0.005497828357798669,True,False,False,0,0,0.02,True,False,False
Kepler-691 b,2.09,5.02,8.114379,0.0649,460.0,12.995,3715.0,0.5,0.04,0.5498761190444555,0.04272333347395031,0.0,0.0004658616577221228,False,True,False,0,0,0.0,False,True,False
Kepler-705 b,2.11,5.1,8.45778956,0.232,265.0,0.729,3722.0,0.51,0.07,0.5429037109171869,0.04478531955248317,0.0,0.0004543410010949618,False,True,False,0,0,0.01,False,True,False
Kepler-732 b,2.18,5.39,9.467814048,0.0691,407.0,8.559,3631.0,0.46,-0.01,0.520258619691142,0.03299973930334916,0.0,0.0004609399487434777,False,False,True,0,0,0.0,False,False,True
Kepler-737 b,1.96,4.5,28.59915399,0.1422,298.0,2.297,3813.0,0.48,-0.24,0.5976463888345843,0.043695784990687006,0.011710983048562676,0.0004101991927279887,False,True,False,0,0,0.0033333333333333335,False,True,False
Kepler-779 b,0.92,0.721,7.09714223,0.0533,425.0,15.028,3804.0,0.44,0.02,0.925916413248952,0.036371167001089624,0.03009490336355822,0.0004964010920824026,False,True,False,0,0,0.0,False,True,False
Kepler-786 b,2.43,6.48,8.45778956,0.25483,348.0,3.658,4838.0,0.74,0.09,0.45160234155814094,0.26916385861641856,0.0,0.0009749534459729547,False,True,False,0,0,0.0,False,True,False
Kepler-80 g,1.13,0.065,14.64558,0.0787,418.0,101.32650000000001,4540.0,0.678,0.04,0.04504826054805022,0.1752155511676378,0.004664399414293138,0.0007760600980939963,False,True,False,0,0,0.0,False,True,False
Kepler-801 b,2.0,4.66,11.41928253,0.0795,419.0,14.442,4435.0,0.63,-0.17,0.5825,0.13776707746122627,0.0,0.0006359381359381359,False,True,False,0,0,0.0,False,True,False
Kepler-81 d,1.21,1.92,20.837846,0.128,418.0,7.507,4500.0,0.595,-0.18,1.0837899457032527,0.13024883171543455,0.05094660606298083,0.0006625939226885412,False,True,False,0,0,0.0,False,True,False
Kepler-83 c,2.36,2.03,20.09,0.11796,362.0,5.9,4082.0,0.61,-0.2,0.15444008394236997,0.09269184388561225,0.0,0.0004910626595953643,False,True,False,0,0,0.006666666666666667,False,True,False
Kepler-833 b,2.02,4.74,18.7546998,0.1139,382.0,8.313,4339.0,0.62,-0.18,0.5750746626471293,0.12224520396127765,0.0,0.000588512241054614,False,True,False,0,0,0.0,False,True,False
Kepler-834 b,2.02,4.74,13.32388301,0.0862,378.0,11.845,4554.0,0.66,-0.13,0.5750746626471293,0.16809307661363554,0.0,0.0007224128589488893,False,True,False,0,0,0.0,False,True,False
Kepler-87 b,2.48,7.22,8.45778956,0.0787,478.0,9.203,5600.0,0.94,-0.17,0.47334975328119233,0.7796463772113408,0.0,0.004774865110060642,True,False,False,0,0,0.0,True,False,False
Kepler-888 b,1.76,3.75,8.45778956,0.0787,417.0,7.854,5875.0,0.9,-0.21,0.6878492439894817,0.865777614686947,0.014964987576236728,0.008433125316242199,True,False,False,0,0,0.0,True,False,False
Kepler-925 b,2.34,6.08,33.8678531,0.1805,394.0,5.833,4673.0,0.72,0.12,0.4745216228889252,0.22178796031718465,0.0,0.0008072849392921725,False,True,False,0,0,0.0,False,True,False
Kepler-934 b,2.09,5.02,8.45778956,0.2658,384.0,4.716,5001.0,0.77,0.01,0.5498761190444555,0.3327351779843683,0.0,0.0012726208353483163,False,True,False,0,0,0.0,False,True,False
Kepler-942 b,2.13,5.18,8.45778956,0.22737,379.0,4.957,4861.0,0.75,0.09,0.5360322869424294,0.28178304705311147,0.0,0.0009993803841618198,False,True,False,0,0,0.0,False,True,False
Kepler-950 b,2.48,7.22,8.45778956,0.0787,360.0,3.97,5857.0,1.02,0.02,0.47334975328119233,1.0984773074260488,0.0,0.012254901960784314,True,False,False,0,0,0.0,True,False,False
Kepler-969 b,2.07,4.94,34.1731714,0.19726,465.0,10.166,5214.0,0.82,0.22,0.5569496207500039,0.4458632342828876,0.0,0.001450747134774409,True,False,False,0,0,0.0,True,False,False
Kepler-973 b,1.96,4.5,8.45778956,0.2489,402.0,7.892,5213.0,0.78,-0.06,0.5976463888345843,0.4031159248726556,0.0027177987704303523,0.0016667777851856788,True,False,False,0,0,0.0,True,False,False
Kepler-983 b,2.36,6.17,8.45778956,0.0787,485.0,30.997,6052.0,1.08,0.12,0.46940656055390284,1.403889863604485,0.0,0.0032467532467532465,False,False,False,0,0,0.0,False,False,False
Kepler-984 b,2.12,5.14,43.0342272,0.23688,484.0,13.991,5610.0,0.93,0.04,0.5394553893482539,0.7686120556962017,0.0,0.005689576695493854,True,False,False,0,0,0.0,True,False,False
Kepler-986 b,2.36,6.17,8.45778956,0.0787,465.0,10.857,5642.0,0.98,0.04,0.46940656055390284,0.8731207884733109,0.0,0.007018528916339134,True,False,False,0,0,0.0,True,False,False
Kepler-988 b,2.07,4.94,17.76080053,0.1085,368.0,6.56,4005.0,0.53,-0.32,0.5569496207500039,0.0648412936453307,0.0,0.00042704383177889375,False,True,False,0,0,0.0,False,True,False
L 363-38 b,2.0,4.67,8.781,0.048,330.0,101.32650000000001,5596.0,0.274,0.02,0.58375,0.066054407126038,0.0,0.005357334190506804,True,False,False,0,0,0.0,True,False,False
L 98-59 d,1.627,1.64,7.450729,0.0494,416.0,4.97,5596.0,0.3155,0.02,0.3807861898493048,0.08757888271788057,0.0347105899869719,0.005357334190506804,True,False,False,0,0,0.0,True,False,False
L 98-59 e,1.49,2.82,12.8278,0.0712,347.0,2.4,5596.0,0.3155,0.02,0.8524919821919866,0.08757888271788057,0.11927083333333334,0.005357334190506804,True,False,False,0,0,0.006666666666666667,True,False,False
L 98-59 f,1.48,2.8,23.064,0.1052,285.0,1.1,5596.0,0.3155,0.02,0.8637198191617476,0.08757888271788057,0.24503968253968256,0.005357334190506804,True,False,False,1,0,1.0,True,False,False
LHS 1140 b,1.73,5.6,24.73723,0.0946,226.0,0.43,5596.0,0.2159,-0.15,1.0815577599161947,0.041011528704628035,0.14816433566433568,0.0047517224994060355,True,False,False,1,0,0.9966666666666667,True,False,False
LHS 1140 c,1.272,1.91,3.77794,0.027,422.0,5.3,5596.0,0.2159,-0.15,0.9280514065924169,0.041011528704628035,0.06179012345679012,0.0047517224994060355,True,False,False,0,0,0.0,True,False,False
LHS 1678 d,0.981,0.907,4.9652229,0.04,462.95,9.1,5596.0,0.329,0.02,0.9607275945341364,0.09523409720455907,0.03812639232673268,0.005357334190506804,True,False,False,0,0,0.0,True,False,False
LP 791-18 c,2.438,7.1,4.9899093,0.02961,324.4,2.637,5596.0,0.182,-0.09,0.48995618554527337,0.0291436168901231,0.0,0.0050132852057953575,True,False,False,0,0,0.0,True,False,False
LP 791-18 d,1.032,0.9,2.753436,0.01992,395.5,5.83,5596.0,0.182,-0.09,0.8188482355851266,0.0291436168901231,0.08882585000813405,0.0050132852057953575,True,False,False,0,0,0.0033333333333333335,True,False,False
LP 890-9 b,1.32,13.2,2.7299025,0.01875,396.0,4.09,5596.0,0.1556,-0.028,5.739210284664829,0.021301974406136057,0.08349705304518663,0.005315642873849163,True,False,False,0,0,0.03,True,False,False
LP 890-9 c,1.367,25.3,8.457463,0.03984,272.0,0.906,5596.0,0.1556,-0.028,9.904099105523503,0.021301974406136057,0.3136586218957677,0.005315642873849163,True,False,False,1,0,1.0,True,False,False
LTT 1445 A b,1.34,2.73,5.3587635,0.0381,431.0,5.7,5596.0,0.271,-0.34,1.1346142976363447,0.06461587875943518,0.04959577114427859,0.004077970801729059,True,False,False,0,0,0.0033333333333333335,True,False,False
LTT 3780 c,2.39,8.04,12.252284,0.0757,359.0,2.76,5596.0,0.38,0.06,0.5889281939044613,0.12704800986999684,0.0,0.005155170636148056,True,False,False,0,0,0.0,True,False,False
NGTS-11 b,2.48,7.22,35.45533,0.201,435.0,9.242,5050.0,0.832,0.22,0.47334975328119233,0.40392619177046823,0.0,0.00112437878072365,False,True,False,0,0,0.0,False,True,False
PH2 b,2.48,7.22,8.45778956,0.0787,295.1,1.2,5734.0,0.949,0.017,0.47334975328119233,0.8734801283911662,0.0,0.02185075931388616,True,False,False,0,0,0.01,True,False,False
Proxima Cen b,1.02,1.055,11.18465,0.04848,218.0,0.641,5596.0,0.141,0.02,0.9941500629471317,0.01749197703757207,0.45204482361703563,0.005357334190506804,True,False,False,1,0,0.9833333333333333,True,False,False
Proxima Cen d,0.692,0.26,5.12338,0.02881,282.0,1.814,5596.0,0.141,0.02,0.7846122142249182,0.01749197703757207,0.24079009713338068,0.005357334190506804,True,False,False,0,0,0.09666666666666666,True,False,False
Ross 128 b,1.11,1.4,9.8658,0.0496,301.0,1.38,5596.0,0.1967,-0.02,1.0236679338213301,0.0340415552257546,0.3570699112978525,0.005357334190506804,True,False,False,1,0,0.69,True,False,False
TIC 139270665 c,2.48,7.22,8.45778956,0.0787,200.0,0.21,5844.0,1.016,0.156,0.47334975328119233,1.0802346280009765,0.0,0.012911222434540102,True,False,False,0,0,0.0,True,False,False
TOI-1227 b,2.48,7.22,27.36397,0.0886,243.77,3.21,5596.0,0.56,0.02,0.47334975328119233,0.27591589955146134,0.0,0.005357334190506804,True,False,False,0,0,0.0,True,False,False
TOI-1266 c,1.98,3.17,18.8027,0.105,346.0,2.42,5596.0,0.4232,-0.109,0.40837927278086444,0.1575766964211847,0.004670240415854455,0.00492739483707569,True,False,False,0,0,0.006666666666666667,True,False,False
TOI-1266 d,1.74,3.68,32.509,0.1513,288.0,1.3,5596.0,0.4232,-0.109,0.6985541447799024,0.1575766964211847,0.11304347826086958,0.00492739483707569,True,False,False,1,0,0.9233333333333333,True,False,False
TOI-1278 b,2.48,7.22,14.47567,0.095,407.87,6.5402,3799.0,0.573,-0.01,0.47334975328119233,0.061358716732472826,0.0,0.0005000500050005,False,True,False,0,0,0.0,False,True,False
TOI-1386 c,2.48,7.22,8.45778956,0.0787,327.4,1.771,5735.0,1.0235,0.149,0.47334975328119233,1.0167150046593976,0.0,0.019780045889706464,True,False,False,0,0,0.0,True,False,False
TOI-1452 b,1.672,4.82,11.06201,0.061,326.0,1.8,5596.0,0.275,-0.07,1.0311888748888338,0.06653743591702571,0.10168650793650795,0.005106991471324243,True,False,False,0,0,0.05333333333333334,True,False,False
TOI-1468 c,2.126,4.1,15.532477,0.08608,338.1,2.13,5596.0,0.3714,-0.01,0.42667193376587664,0.12136248825157363,0.0,0.005410377103284099,True,False,False,0,0,0.0,True,False,False
TOI-1470 c,2.47,7.24,18.08816,0.106,373.0,3.35,3709.0,0.469,0.0,0.4804494564849162,0.0373476146132941,0.0,0.0004830917874396135,False,True,False,0,0,0.0,False,True,False
TOI-1680 b,1.466,2.75,4.8026345,0.03144,404.0,4.41,5596.0,0.2106,0.04,0.8728322468448714,0.039022708248183206,0.058949476278496615,0.005254308532997057,True,False,False,0,0,0.0,True,False,False
TOI-1736 c,2.48,7.22,8.45778956,0.0787,249.0,0.9,5636.0,1.4286,0.148,0.47334975328119233,1.847545230322237,0.0,0.0060914695061036524,True,False,False,0,0,0.0033333333333333335,True,False,False
TOI-1743 b,1.83,4.01,4.266046,0.03589,485.0,10.8837,5596.0,0.338,0.22,0.6543213683899467,0.10051573988634295,0.004520080259328135,0.004479082683866344,True,False,False,0,0,0.0,True,False,False
TOI-1801 b,2.079,5.738,10.64387,0.075,493.7,10.7276,3863.0,0.547,-0.19,0.6385531857156415,0.059781021981697234,0.0,0.0004385887966877774,False,True,False,0,0,0.006666666666666667,False,True,False
TOI-1899 b,2.48,7.22,29.090312,0.1525,378.0,3.4,3926.0,0.607,0.28,0.47334975328119233,0.07853593402880936,0.0,0.0004216135995682677,False,True,False,0,0,0.0,False,True,False
TOI-198 b,1.44,2.67,10.2152,0.1,368.0,7.4195,3650.0,0.441,0.02,0.8941775977366255,0.03096980613236692,0.048036634532269674,0.00046049420237799206,False,False,True,0,0,0.0033333333333333335,False,False,True
TOI-199 b,2.48,54.03082919,8.45778956,0.0787,358.0,2.7528,5255.0,0.82,0.22,3.542310203139161,0.460053602870644,0.0,0.0015642597922662996,True,False,False,0,0,0.0,True,False,False
TOI-2010 b,2.48,7.22,8.45778956,0.0787,400.2,4.09,5929.0,1.079,0.168,0.47334975328119233,1.2907987635188432,0.0,0.00563266041816871,True,False,False,0,0,0.0,True,False,False
TOI-2081 b,2.04,4.82,10.50534,0.0752,488.0,8.1,3800.0,0.534,0.02,0.5677492065645943,0.05334660064329991,0.0,0.000495397754857375,False,True,False,0,0,0.0,False,True,False
TOI-2093 c,2.3,15.8,8.45778956,0.257,329.0,3.0647,4426.0,0.729,-0.08,1.2985945590531769,0.18297448984576176,0.0,0.0006843502778462127,False,True,False,0,0,0.0,False,True,False
TOI-2095 b,1.25,4.1,17.66484,0.101,347.0,3.43,3759.0,0.44,-0.24,2.0991999999999997,0.03468043256918583,0.13461719337848008,0.0003992334717342702,False,True,False,0,0,0.006666666666666667,False,True,False
TOI-2095 c,1.33,7.4,28.17232,0.137,297.0,1.84,3759.0,0.44,-0.24,3.1454066224411155,0.03468043256918583,0.22854313380281688,0.0003992334717342702,False,True,False,0,0,0.09,False,True,False
TOI-2096 b,1.243,2.08,3.1190633,0.025,445.0,9.4,5596.0,0.235,-0.03,1.0830535969478634,0.04858882510436687,0.033108640491452984,0.0053053212372009126,True,False,False,0,0,0.0,True,False,False
TOI-2096 c,1.914,4.32,6.38784,0.04,349.0,3.7,5596.0,0.235,-0.03,0.6161095583267685,0.04858882510436687,0.01442228132387708,0.0053053212372009126,True,False,False,0,0,0.0,True,False,False
TOI-2120 b,2.122,6.8,5.7998164,0.0377,384.0,3.61,5596.0,0.245,0.02,0.711660356769185,0.052812027648521886,0.0,0.005357334190506804,True,False,False,0,0,0.0,True,False,False
TOI-2136 b,2.19,6.37,7.851928,0.057,395.0,4.0,5596.0,0.34,0.03,0.6064668791490498,0.10170879460506675,0.0,0.0053053212372009126,True,False,False,0,0,0.0,True,False,False
TOI-216.01,2.48,7.22,34.525528,0.2069,497.0,10.1,5026.0,0.748,0.32,0.47334975328119233,0.3203192085381102,0.0,0.0010060767032878586,False,True,False,0,0,0.0,False,True,False
TOI-2180 b,2.48,7.22,8.45778956,0.0787,348.0,2.71,5695.0,1.636,0.253,0.47334975328119233,2.525988460887587,0.0,0.009501007106753315,True,False,False,0,0,0.0,True,False,False
TOI-2257 b,2.194,5.45,35.189346,0.145,256.0,0.6703,5596.0,0.313,-0.27,0.5160438807598808,0.08619644376006733,0.0,0.00430274084591885,True,False,False,0,0,0.0033333333333333335,True,False,False
TOI-2285 b,1.77,19.5,13.635109,0.1363,358.0,3.91,5596.0,0.464,-0.05,3.5165339310359003,0.18942471144716652,0.035457682733650145,0.0052042674993494666,True,False,False,0,0,0.0,True,False,False
TOI-2295 c,2.48,7.22,8.45778956,0.0787,234.9,101.32650000000001,5730.0,1.459,0.316,0.47334975328119233,2.058822574897171,0.0,0.015507722845977295,True,False,False,0,0,0.0,True,False,False
TOI-2322 c,1.874,18.1,20.225528,0.1362,496.8,10.15,4664.0,0.662,-0.12,2.7502350666937105,0.18605442173839543,0.0031076233183856463,0.0008007687379884689,False,True,False,0,0,0.0033333333333333335,False,True,False
TOI-237 b,1.44,2.67,5.436098,0.0341,388.0,3.7,5596.0,0.211,0.02,0.8941775977366255,0.03917108343090118,0.07777777777777778,0.005357334190506804,True,False,False,0,0,0.0,True,False,False
TOI-244 b,1.52,2.68,7.397225,0.0559,458.0,7.3,5596.0,0.426,0.02,0.7631396705059046,0.15966873018814093,0.02369477911646586,0.005357334190506804,True,False,False,0,0,0.0,True,False,False
TOI-2447 b,2.48,7.22,8.45778956,0.0787,414.0,44.5933,5730.0,1.006,0.18,0.47334975328119233,0.9788233010998983,0.0,0.017295053614666205,True,False,False,0,0,0.0,True,False,False
TOI-2449 b,2.48,7.22,8.45778956,0.0787,400.0,362.642,6021.0,1.065,-0.03,0.47334975328119233,1.3374069457221576,0.0,0.003978990927900685,False,False,False,0,0,0.0,False,False,False
TOI-2525 c,2.48,7.22,8.45778956,0.249,399.96,6.0478,5096.0,0.785,0.14,0.47334975328119233,0.37286089763119445,0.0,0.0012843235467879068,False,True,False,0,0,0.0,False,True,False
TOI-2537 b,2.48,7.22,8.45778956,0.0787,338.0,7.4445,4870.0,0.771,0.08,0.47334975328119233,0.2999953001438569,0.0,0.001018620380556574,False,True,False,0,0,0.0,False,True,False
TOI-2537 c,2.48,7.22,8.45778956,0.0787,123.1,101.32650000000001,4870.0,0.771,0.08,0.47334975328119233,0.2999953001438569,0.0,0.001018620380556574,False,True,False,0,0,0.0,False,True,False
TOI-260 b,1.71,4.23,13.475853,0.0943,493.0,10.1838,4026.0,0.607,0.02,0.8459643003065273,0.08684849847583369,0.007472986720872056,0.0005592653490375043,False,True,False,0,0,0.0,False,True,False
TOI-270 c,2.33,6.2,5.66051,0.04526,489.0,9.9407,5596.0,0.38,-0.17,0.49014426605916184,0.12704800986999684,0.0,0.004670496473775163,True,False,False,0,0,0.0,True,False,False
TOI-270 d,2.0,4.2,11.38194,0.0721,383.0,3.918,5596.0,0.38,-0.17,0.525,0.12704800986999684,0.0,0.004670496473775163,True,False,False,0,0,0.0,True,False,False
TOI-286 c,1.88,3.72,39.361826,0.213,475.0,22.4437,5152.0,0.78,-0.05,0.5598470473787119,0.38457626101401615,0.0017950806968752102,0.00151894888736994,False,True,False,0,0,0.0,False,True,False
TOI-4010 e,2.48,7.22,8.45778956,0.0787,174.0,0.15,4960.0,0.83,0.37,0.47334975328119233,0.374087107245837,0.0,0.0008912417671541759,False,True,False,0,0,0.0,False,True,False
TOI-406.01,2.08,6.57,13.175682,0.0809,368.0,3.0,5596.0,0.41,-0.02,0.7300882595584888,0.14790007243176223,0.0,0.005357334190506804,True,False,False,0,0,0.0,True,False,False
TOI-4184 b,2.43,6.48,4.9019804,0.0336,412.0,4.8,5596.0,0.2347,-0.27,0.45160234155814094,0.048464847714680015,0.0,0.00430274084591885,True,False,False,0,0,0.0,True,False,False
TOI-4336 A b,2.12,5.14,16.336334,0.0872,308.0,1.5,5596.0,0.328,-0.209,0.5394553893482539,0.09465604635632786,0.0,0.00451983529720177,True,False,False,0,0,0.0033333333333333335,True,False,False
TOI-4364 b,2.01,4.7,5.424019,0.04753,488.0,13.3328,5596.0,0.4684,0.148,0.5787748960945134,0.1930342826616558,0.0,0.004760000761600122,True,False,False,0,0,0.0,True,False,False
TOI-4465 b,2.48,7.22,8.45778956,0.0787,427.0,130.528,5545.0,1.014,-0.06,0.47334975328119233,0.8721113967822047,0.0,0.004031607805192711,True,False,False,0,0,0.0,True,False,False
TOI-4504 c,2.48,7.22,8.45778956,0.0787,182.8,0.2639,5315.0,0.92,0.16,0.47334975328119233,0.606008310761707,0.0,0.0018579072532699168,True,False,False,0,0,0.0,True,False,False
TOI-4562 b,2.48,7.22,8.45778956,0.0787,318.0,3.2011,6096.0,1.152,0.08,0.47334975328119233,1.6442757108602537,0.0,0.0029025891094856607,False,False,False,0,0,0.0,False,False,False
TOI-4600 c,2.48,7.22,8.45778956,0.0787,191.0,48.3867,5170.0,0.81,0.16,0.47334975328119233,0.4205542828389004,0.0,0.0014155483834437461,False,True,False,0,0,0.0,False,True,False
TOI-5542 b,2.48,7.22,8.45778956,0.0787,441.0,9.6,5700.0,1.058,-0.21,0.47334975328119233,1.0601336213514327,0.0,0.010461345329009311,True,False,False,0,0,0.0,True,False,False
TOI-5713 b,1.77,3.78,10.441989,0.06008,347.2,2.2554,5596.0,0.2992,-0.03,0.6816665774008053,0.07876329054216369,0.05612896179339628,0.0053053212372009126,True,False,False,0,0,0.0,True,False,False
TOI-5799 c,1.76,3.75,14.010449,0.0782,337.0,101.32650000000001,5596.0,0.321,0.01,0.6878492439894817,0.0906589611150578,0.0019463840419311385,0.005410377103284099,True,False,False,0,0,0.0,True,False,False
TOI-6002 b,1.65,3.36,10.904821,0.05722,321.4,1.6823,5596.0,0.2432,-0.18,0.7479756240086819,0.052038864842750714,0.11535239243269671,0.004630915995183848,True,False,False,0,0,0.016666666666666666,True,False,False
TOI-6330 b,2.48,7.22,6.8500246,0.05763,495.0,9.97,5596.0,0.49,0.08,0.47334975328119233,0.21124811059408755,0.0,0.005059704513256425,True,False,False,0,0,0.0,True,False,False
TOI-663 d,1.92,5.2,7.1027268,0.0576,482.0,12.9,3681.0,0.512,0.07,0.7346824363425928,0.04318103440749359,0.0018784972022382108,0.0004454620778133157,False,False,True,0,0,0.0033333333333333335,False,False,True
TOI-6695 c,2.48,7.22,8.45778956,0.0787,415.0,101.32650000000001,6400.0,1.517,0.2,0.47334975328119233,3.4640241210207634,0.0,0.001337613697164259,False,False,False,0,0,0.0,False,False,False
TOI-6894 b,2.48,53.39517238,3.37077196,0.02604,417.9,5.54,5596.0,0.2276,0.142,3.500635965717415,0.04557694262993911,0.0,0.004785009522168949,True,False,False,0,0,0.0,True,False,False
TOI-700 b,0.914,0.704,9.977219,0.0677,417.0,4.98,5596.0,0.421,-0.07,0.9220066893052137,0.15594263377678746,0.08438196767001115,0.005106991471324243,True,False,False,0,0,0.0,True,False,False
TOI-700 d,1.073,1.25,37.42396,0.1633,268.8,0.85,5596.0,0.421,-0.07,1.0118376775967475,0.15594263377678746,0.46767567567567564,0.005106991471324243,True,False,False,1,0,0.9766666666666667,True,False,False
TOI-700 e,0.953,0.818,27.80978,0.134,272.9,1.27,5596.0,0.421,-0.07,0.9450931202504356,0.15594263377678746,0.3978121940773372,0.005106991471324243,True,False,False,1,0,0.9766666666666667,True,False,False
TOI-712 d,2.474,6.68,8.45778956,0.0787,313.6,1.6,4622.0,0.674,-0.02,0.44114095252611546,0.1860070510889523,0.0,0.0008473570932262274,False,True,False,0,0,0.0,False,True,False
TOI-715 b,1.55,3.02,19.288004,0.083,234.0,0.67,5596.0,0.24,-0.25,0.8109831828404551,0.05067843052986024,0.218937125748503,0.004371584699453552,True,False,False,1,0,0.9933333333333333,True,False,False
TOI-756 c,2.48,7.22,8.45778956,0.0787,194.0,0.24,3657.0,0.505,0.196,0.47334975328119233,0.04092346963022577,0.0,0.0003940246943156421,False,False,True,0,0,0.0,False,False,True
TOI-771 c,1.5,2.87,7.61,0.046,365.0,3.0,5596.0,0.232,-0.13,0.8503703703703704,0.04735617786179163,0.0915798611111111,0.004835823782581363,True,False,False,0,0,0.0,True,False,False
TOI-776 c,2.047,6.9,15.665323,0.1001,420.0,4.9,3725.0,0.547,-0.21,0.8044435293929091,0.05168560580298539,0.0,0.00040235943573112737,False,True,False,0,0,0.0,False,True,False
TOI-904 b,2.426,6.46,10.8772,0.056,429.43,8.3169,3770.2,0.527,0.022,0.4524390985358663,0.05034642490245471,0.0,0.000487093578859671,False,True,False,0,0,0.0,False,True,False
TOI-904 c,2.167,5.34,8.45778956,0.0787,217.26,0.5449,3770.2,0.527,0.022,0.5247645911866466,0.05034642490245471,0.0,0.000487093578859671,False,True,False,0,0,0.013333333333333334,False,True,False
TOI-969 c,2.48,7.22,8.45778956,0.0787,96.4,0.0208,4435.0,0.671,0.175,0.47334975328119233,0.1562821534976568,0.0,0.0006332320162107396,False,True,False,0,0,0.0,False,True,False
TRAPPIST-1 b,1.116,1.374,1.510826,0.01154,397.6,4.153,5596.0,0.94,0.04,0.9885397763541421,0.7774212016698699,0.10626603704422449,0.005254308532997057,True,False,False,0,0,0.016666666666666666,True,False,False
TRAPPIST-1 c,1.097,1.308,2.421937,0.0158,339.7,2.214,5596.0,0.94,0.04,0.9908042510589712,0.7774212016698699,0.2305223890271728,0.005254308532997057,True,False,False,0,0,0.02,True,False,False
TRAPPIST-1 d,0.788,0.388,4.049219,0.02227,286.2,1.115,5596.0,0.94,0.04,0.7929632733419284,0.7774212016698699,0.3702482269503546,0.005254308532997057,True,False,False,1,0,0.96,True,False,False
TRAPPIST-1 e,0.92,0.692,6.101013,0.02925,249.7,0.646,5596.0,0.94,0.04,0.8886742828963589,0.7774212016698699,0.4846007155393547,0.005254308532997057,True,False,False,1,0,1.0,True,False,False
TRAPPIST-1 f,1.045,1.039,9.20754,0.03849,217.7,0.373,5596.0,0.94,0.04,0.9104721716130507,0.7774212016698699,0.5257735999838148,0.005254308532997057,True,False,False,1,0,1.0,True,False,False
TRAPPIST-1 g,1.129,1.321,12.352446,0.04683,197.3,0.252,5596.0,0.94,0.04,0.9179541547553225,0.7774212016698699,0.47659383874689387,0.005254308532997057,True,False,False,1,0,0.9966666666666667,True,False,False
TRAPPIST-1 h,0.755,0.326,18.772866,0.06189,171.7,0.144,5596.0,0.94,0.04,0.7574897232054711,0.7774212016698699,0.3934583211926962,0.005254308532997057,True,False,False,0,0,0.15333333333333332,True,False,False
Teegarden's Star b,1.05,1.16,4.90634,0.0259,277.0,1.08,5596.0,0.94,-0.11,1.0020516142965121,0.7774212016698699,0.43928619123931617,0.004922955742627873,True,False,False,1,0,1.0,True,False,False
Teegarden's Star c,1.02,1.05,11.416,0.0455,209.0,0.35,5596.0,0.94,-0.11,0.9894384512743967,0.7774212016698699,0.5268004115226337,0.004922955742627873,True,False,False,1,0,1.0,True,False,False
Teegarden's Star d,0.954,0.82,26.13,0.0791,159.0,0.12,5596.0,0.94,-0.11,0.9444277257702162,0.7774212016698699,0.47025669642857126,0.004922955742627873,True,False,False,0,0,0.23333333333333334,True,False,False
V1298 Tau e,2.48,7.22,8.45778956,0.2409,492.0,10.0,4941.0,1.43,0.1,0.47334975328119233,1.0935064283633749,0.0,0.0010848340203948796,False,True,False,0,0,0.0,False,True,False
WASP-132 d,2.48,7.22,8.45778956,0.0787,107.0,0.0363,4686.0,0.758,0.15,0.47334975328119233,0.24856352445268823,0.0,0.0007955765941366006,False,True,False,0,0,0.0,False,True,False
WASP-41 c,2.48,7.22,8.45778956,0.0787,241.0,101.32650000000001,5545.0,0.87,0.06,0.47334975328119233,0.6419993038530113,0.0,0.004031607805192711,True,False,False,0,0,0.0,True,False,False
WD 0806-661 b,2.48,7.22,8.45778956,0.0787,340.0,101.32650000000001,5596.0,0.94,0.02,0.47334975328119233,0.7774212016698699,0.0,0.005357334190506804,True,False,False,0,0,0.0,True,False,False
WD 1856+534 b,2.48,7.22,1.4079405,0.0204,163.0,0.181,4710.0,0.94,0.02,0.47334975328119233,0.39014782098724915,0.0,0.0009171114657275445,False,True,False,0,0,0.0,False,True,False
WISE J033605.05-014350.4 b,2.48,7.22,8.45778956,0.0787,325.0,101.32650000000001,5596.0,0.94,0.02,0.47334975328119233,0.7774212016698699,0.0,0.005357334190506804,True,False,False,0,0,0.0,True,False,False
WISEP J121756.91+162640.2 A b,2.48,7.22,8.45778956,0.0787,450.0,101.32650000000001,5596.0,0.94,0.02,0.47334975328119233,0.7774212016698699,0.0,0.005357334190506804,True,False,False,0,0,0.0,True,False,False
Wolf 1069 b,1.08,1.26,15.564,0.0672,250.1,0.652,5596.0,0.1813,0.07,1.0002286236854137,0.028919866340330582,0.4836141377454936,0.005106991471324243,True,False,False,1,0,1.0,True,False,False
YZ Cet b,0.913,0.7,2.02087,0.01634,471.2,8.21,5596.0,0.157,-0.18,0.9197836967806269,0.021687024898099396,0.03607280733502232,0.004630915995183848,True,False,False,0,0,0.0,True,False,False
YZ Cet c,1.05,1.14,3.05989,0.02156,410.3,4.72,5596.0,0.157,-0.18,0.9847748623258825,0.021687024898099396,0.09555591977466979,0.004630915995183848,True,False,False,0,0,0.006666666666666667,True,False,False
YZ Cet d,1.03,1.09,4.65626,0.02851,356.7,2.7,5596.0,0.157,-0.18,0.9975044086949441,0.021687024898099396,0.19962556306306303,0.004630915995183848,True,False,False,0,0,0.006666666666666667,True,False,False
eps Ind A b,2.48,7.22,8.45778956,0.0787,275.0,101.32650000000001,4760.0,0.679,0.22,0.47334975328119233,0.21235241744292138,0.0,0.00080438874499268,False,True,False,0,0,0.0,False,True,False
