pl_rade,pl_bmasse,pl_eqt,pl_orbper,pl_dens
21.59,3932.0,2001.0,4.2889731,0.39071094936777906
1.193,1.32,944.2,0.5182331,0.7774144347533577
2.61,22.7,422.0,35.61253,1.2767454981081952
2.13,3.34,693.0,2.8531054,0.3456269958277441
0.88,4.0,944.2,7.57686,5.869646882043576
1.264,1.86,773.0,1.1980035,0.9210256440159906
0.699,0.633,1365.0,0.3219225,1.8534129057075837
1.09,1.75,568.0,2.616235,1.3513210901068622
1.331,1.9,940.0,0.9263237,0.8057854749077215
0.958,3.87,314.6,12.761408,4.401639169516829
2.05,4.55,1371.0,2.541,0.5281409149606072
11.500434,131.89945,1228.3,11.53533,0.08671621127010834
3.05,9.82,944.2,11.62071,0.34610826456840005
5.94,9.67,944.2,19.502104,0.04613888968093187
1.77,6.519,944.2,4.7559804,1.1756043434063095
2.526,6.792,944.2,17.180546,0.42140301505875943
3.49,20.4,752.0,17.471291,0.4799034660063319
2.6,24.1,944.2,4.1374354,1.371187983614019
3.41,10.0,880.0,8.8803256,0.252195227048967
3.195,8.0,600.0,28.579743,0.24528861979347552
2.995,2.8,540.0,38.353037,0.10422395543041214
17.317905,323.23311,2132.0,3.308958,0.062234296130487206
1.72,7.42,2141.0,0.926118,1.4582049379299937
2.25,6.1,743.0,6.441008,0.5355281207133059
2.34302132,14.8,581.75,16.20166,1.1506228494569832
1.745,8.83,2128.0,1.008035,1.6617833744454553
2.697,17.7,637.0,25.1292,0.9022573466603037
0.892,3.7,701.0,7.78993,5.213233302977475
4.898,17.6,1076.0,6.034468,0.14978086192872886
9.17,60.5,944.2,14.2767,0.07845983087434885
2.607,26.57,546.0,47.42489,1.4995759301705691
2.0,8.32,543.0,17.667087,1.04
1.87,3.41,467.0,29.79749,0.52147027703529
0.75,0.55,909.0,3.97664,1.3037037037037038
0.818,0.72,723.0,7.90754,1.3154446694812993
1.137,0.77,630.0,12.1621839,0.5238528742384982
1.982,4.15,944.2,7.4341325,0.5330121958913558
2.54535814,8.7,1198.46,7.0491423,0.5275608506492143
1.36354953,4.3,1585.57,3.04405,1.696116587896596
1.24,2.14,709.0,2.76953,1.1224027390822733
1.533,3.09,557.0,5.70588,0.8576932947217799
16.14096,371.8611,2061.0,4.12688,0.08842858300584457
2.69,6.2,867.0,22.891054,0.3185186376300282
4.13,9.2,643.0,55.99712,0.13059834469153286
3.11,5.8,561.0,84.2899,0.19281766818878487
9.07303305,74.1,798.3,18.712024,0.09921120610841856
2.54,11.32,479.0,46.9622,0.6907887831523694
3.41,9.1,716.0,13.6308205,0.22949765661455998
2.45,7.8,943.0,14.339156,0.5303912485443989
2.42763557,10.0,1075.31,5.2549,0.6989554947805569
2.14,21.755,967.11,7.1079475,2.2198200389700604
2.692,15.539,678.92,20.5438281,0.7965222283066994
2.91575244,10.5,825.22,9.058807,0.4235818627466379
2.79,10.2,714.0,6.398042,0.4696643129577759
2.39,9.7,498.0,18.87974,0.7105228210041384
2.89646124,10.9,1128.86,6.527363,0.44856288290859536
2.16,7.25,1311.0,3.98442,0.7194104684245287
1.46954368,2.8,1842.23,1.0376109,0.8822883267557711
3.11976057,18.4,1212.45,3.6451389,0.6059740528787249
22.75427,1021.18779,1411.0,0.9809734,0.08667959874275043
2.53625843,8.9,794.96,10.751014,0.5455185159891872
2.52442508,10.7,650.68,19.60562,0.6651143516970287
3.0,379.0,1060.0,7.713057,14.037037037037036
3.82838127,8.3,640.88,20.772858,0.14792192295365453
3.42855926,7.0,470.31,52.56363,0.17368529838172506
2.4801338,19.1,701.66,10.288914,1.2520106813224348
2.004,3.55,1552.0,3.585287,0.44109811460620263
1.979,3.8,1309.0,5.973865,0.4902822991147282
2.001,7.1,1061.0,11.230511,0.8861700801414566
1.63,4.07,998.0,1.40152604,0.9397916802805616
0.837,0.46,620.0,2.253114,0.7844792445917826
1.329,2.0,526.0,3.6906764,0.8520303262182697
1.627,1.64,416.0,7.450729,0.3807861898493048
1.242,2.33,595.0,1.9495378,1.2161611714157938
1.088,1.58,944.2,3.814334,1.2267904904717075
4.7,30.8,700.0,4.052037,0.29665873650347224
2.438,7.1,324.4,4.9899093,0.48995618554527337
1.32,13.2,396.0,2.7299025,5.739210284664829
1.34,2.73,431.0,5.3587635,1.1346142976363447
1.147,1.54,508.0,3.1239035,1.0205410236142967
1.325,2.46,903.0,0.76837931,1.0575172793648449
2.39,8.04,359.0,12.252284,0.5889281939044612
4.72,29.32,1978.0,0.792052,0.27882901854619996
9.157753,109.33352,435.0,35.45533,0.14235953257897885
11.99360935,947.1286529,688.0,54.18915,0.5489834826252515
15.64773706,188.4722454,1783.0,3.3704181,0.0491918080503965
10.40193409,305.1152707,500.0,98.29838,0.27109508968016266
18.04645893,355.9678158,1410.0,4.162734,0.06056681571226802
18.38272835,1153.717117,1991.0,2.827972,0.18572459826332272
1.84,4.57,682.0,5.0066338,0.7336057573765102
7.22979255,147.1545524,703.0,23.624,0.3894002215472677
11.25,942.0,944.2,200.452,0.6615967078189301
12.520453,617.22586,974.0,15.168865,0.3144734510221877
13.29385111,1582.785467,944.2,165.7719,0.6737047707244681
17.26183028,201.50321,1775.0,3.66003639,0.03917612188136588
11.2089807,1951.466419,944.2,76.8,1.3856792644582956
6.21,19.2,944.2,4.21285367,0.08017268494826864
12.18416202,1379.375286,805.5,16.24921,0.7625976177129317
13.31626907,1017.050902,872.0,1.44044527,0.4307199654611411
11.5004142,4049.133905,517.2,69.048,2.662083615546118
1.45,4.04,944.2,2.470498,1.3251875845668128
2.87,16.9,1135.0,9.139703,0.714892950279872
2.265,10.15,1077.0,4.11296,0.8734970109674541
2.587,13.5,784.0,6.443868,0.7797304279958113
2.651,2.5,634.0,12.226574,0.13418711800853486
1.791,9.95,1323.0,0.6047328,1.7319538805621744
14.57167491,1064.725163,1728.0,4.0782387,0.3441193524131803
2.46,8.9,1538.0,2.22816,0.597839609171424
3.66,19.8,825.0,4.074554,0.4038517173977851
13.0,336.0,650.0,8.3501898,0.15293582157487484
9.19,27.4,868.0,7.06466,0.03530238351296026
17.02644168,374.7196919,944.2,2.103189,0.07591626459980982
8.71664516,120.0,1264.29,2.3106446,0.18118954950947153
10.5140239,75.96098927,1486.0,3.671463,0.06535573939837554
2.415,6.28,703.0,2.4919863,0.4458699859273173
2.918,7.39,743.6,25.502672,0.2974326056345647
2.91,1112.399425,440.0,91.68278,45.14210314505162
3.65,15.4,329.6,24.245586,0.31669567139739396
1.69,6.69,944.2,3.444714,1.3860088518107927
1.21,3.76,1133.0,0.764597,2.1224219770022033
2.11,8.32,695.0,3.294736,0.8856782107511756
3.01,8.1,955.0,4.30744,0.29701988944186336
2.45109846,9.1,862.49,5.904137,0.6179582306395757
3.43139739,5.4,587.77,18.654874,0.13365361505875625
3.5141875,14.5,463.98,37.92548,0.3341128764728012
6.8084859,27.4,952.09,4.3601561,0.08681583279087836
3.2710301,11.9,726.89,13.079151,0.3400112914892546
2.726,9.5,1037.0,4.65382,0.46897106796319354
2.759,6.63,827.8,9.15059,0.31568825678156365
2.93,13.6,638.1,19.98,0.5406746992109369
11.45557828,140.1623275,963.0,3.477978,0.09323527338484809
2.41,8.56,871.0,3.127463,0.611536857133488
2.76,13.2,651.0,7.493134,0.6278366802735998
3.12,11.84,499.0,16.608164,0.3898413661727271
2.52,4.46,415.0,10.8945,0.2786976048502881
1.98,3.17,346.0,18.8027,0.40837927278086444
9.1,96.4,918.9,8.1577094,0.12792424336923797
2.40144286,6.4,1004.9,4.2529913,0.4621289775081402
4.13204907,27.0,975.0,3.31599,0.38270783478312925
11.09689089,70.55790635,1211.0,4.631296,0.051634709500127406
12.21778896,5879.82553,944.2,14.47567,3.223937262964571
2.66146528,10.6,759.0,9.61419,0.5622681072433765
4.96846551,44.1,1203.44,2.6998279,0.3595603142314616
10.12369881,63.9,1392.74,3.915292,0.06158617194583355
15.69257298,451.3163379,2360.0,3.1968838,0.11678809765198218
14.11645916,95.3,1414.84,3.9443736,0.03387782907716026
9.65807033,99.0,1278.0,4.537143,0.10989150058517001
3.42,22.4,1395.0,2.1097019,0.5599763689972284
15.647764,753.2571,1679.0,4.720219,0.19660129381294875
7.661,11.3,944.2,95.4001,0.025131710972495325
1.8,11.1,1400.0,0.84742346,1.9032921810699586
1.6,6.4,1000.0,4.841962,1.5624999999999998
6.2163865,45.8,615.03,25.8401,0.19065642799752808
25.0,593.0,944.2,4.42587,0.037952
2.22,7.6,944.2,2.1664,0.6946318122359026
3.10083009,12.5,1236.7,1.21687,0.4192529275253445
1.19880592,2.0,976.4,1.4520527,1.1608693875156042
1.62,3.48,1517.0,1.0697568,0.8185292440741304
11.89,25.1,957.0,6.9561063,0.014932349890118041
3.83,9.5,870.0,12.99894,0.1690936440066529
16.70138124,991.6246298,2370.0,2.650237,0.21285807782138103
2.24,9.6,944.2,18.840942,0.854136297376093
3.04,9.4,971.0,5.13967,0.3345854898673276
2.75,10.6,794.0,9.428089,0.5096919609316304
4.2427861,38.5,748.4,27.644,0.5040891123999554
2.30381001,30.0,520.66,23.540678,2.4534729371270654
1.41792246,3.58,2130.02,0.4702743,1.2558147542614186
2.749,19.5,426.0,8.112245,0.938664496840445
1.13,1.258,722.0,2.0439274,0.8718571041453411
2.61143902,15.2,723.33,16.537944,0.8535007770519641
1.672,4.82,326.0,11.06201,1.0311888748888338
1.173,2.32,944.2,4.3135225,1.4374539762631005
2.224,2.95,819.8,6.5886982,0.26817461588929775
1.401,3.04,683.5,1.8805201,1.105501096698726
2.126,4.1,338.1,15.532477,0.42667193376587664
2.18,7.32,734.0,2.527093,0.7065478842558737
2.47,7.24,373.0,18.08816,0.4804494564849162
4.15964583,16.5,811.14,6.36381,0.22925292246630277
11.99360935,279.6889982,944.2,10.1802117,0.16211592777144637
14.067295,797.7533,1404.5,5.857487,0.28657402561714734
15.24421375,1004.337766,944.2,2.056014,0.28350759941500503
14.414774,375.0394,1588.0,2.0845435,0.12521414199728834
14.19902343,387.0,1493.97,5.33175,0.13518718895790902
16.690201,387.7526,1669.0,4.231306,0.08340076184417326
1.773,7.57,944.2,0.9893455,1.3582185972476688
2.2963977,13.0,1285.16,2.6800535,1.0734999848586284
2.06,41.31769291,1062.0,10.98462,4.726442756287709
11.06326395,200.2318964,684.0,40.74976,0.14787114595764828
1.421,3.07,1000.0,0.66913923,1.069931913551365
12.172974,251.40353,1715.0,2.2554477,0.13937384717024676
5.3422266,31.3,943.19,3.770107,0.20529455047200507
1.9,6.36,698.0,3.1342791,0.9272488700976821
3.09,48.8,489.0,2.500311,1.654033813942007
5.20315158,22.4,602.99,24.283377,0.1590188410889193
10.816685,1722.6386,1198.0,9.47725,1.3611676749600121
5.05,26.78,767.0,3.49151,0.20793923329201858
3.18175535,12.3,1099.79,7.073076,0.38186052239078083
2.36507598,9.7,694.09,21.269084,0.7332236121277
1.39,57.0,831.0,2.38839,21.224157261324116
2.12,14.0,673.0,4.4929,1.469333745306528
2.52,15.0,533.0,9.0497,0.9373237831287717
2.9507845,19.5,651.64,37.46852,0.7589656678304385
2.47852533,16.6,1005.43,5.3846104,1.0902547891187275
3.14,10.8,443.0,18.85019,0.3488468544220732
8.04728896,96.0,707.89,10.2405549,0.18421392014559368
1.21612741,1.4,1269.21,2.799868,0.7783784516055061
1.2,0.96,944.2,1.9145601,0.5555555555555556
1.754,4.64,944.2,3.238486,0.8598629046741469
2.695,5.2,944.2,6.557569,0.26566053020004965
2.301,3.48,944.2,9.96318,0.2856468162880602
2.939,4.4,944.2,20.71663,0.17332209037734192
16.14093221,222.4798849,1927.0,3.208664,0.05290599792710922
3.29701268,8.7,992.91,8.765528,0.24274897255382827
2.079,5.738,493.7,10.64387,0.6385531857156415
2.99,10.32,747.0,6.293287,0.3860700682008487
4.29,8.0,588.0,12.885779,0.10132534950374453
1.49681583,2.44,1694.1,0.54937097,0.7275866531677849
6.9559,46.1687,895.1,4.532,0.13717900754609758
11.14172682,308.9292116,962.2,3.7130765,0.22335797226075316
12.778238,731.0053361,1375.0,4.860674,0.35035444257335924
7.5406241,67.4,423.63,38.8,0.15719474418006824
2.7438269,16.0,528.67,22.808533,0.7745507058626331
8.00321222,38.45723725,966.0,20.380799,0.07502138576481292
2.59987579,8.0,2007.6,1.7727471,0.4552313759333003
12.3485023,89.4,1199.55,9.5739181,0.047478245077870414
3.46,73.2,1479.0,1.2436258,1.767188125577354
18.49481816,360.0995851,1701.0,1.36414864,0.056920987232785644
9.39553231,129.0,674.54,45.52234,0.15553407088350754
11.09689089,212.9450327,378.0,29.090312,0.15583448364266314
13.97759893,638.8350981,2097.0,0.94667944,0.23393275973928737
9.07927437,54.03082919,944.2,104.854,0.07219185666035866
13.67495645,7024.007795,2290.0,4.0337142,2.746674079515777
2.7,11.0,1488.0,3.09833,0.5588578976781994
8.14,81.7,1038.0,9.127055,0.1514777486863041
11.99360935,2034.101805,944.2,17.305904,1.1790249291941892
11.82547464,184.3404761,944.2,52.977946,0.11147178655351724
11.13051784,4513.163379,944.2,2800.0,3.2729166488263983
11.81426566,408.7273314,400.2,141.834025,0.24786401638914615
3.309,9.2,530.9,3.348237,0.2539203604246148
2.268,9.2,944.2,7.435583,0.788603457227682
5.33275337,34.4,917.46,15.3444,0.2268318036509229
11.89272852,1144.182265,1166.0,8.8720982,0.680222035011377
14.20177855,254.2627256,1358.0,5.71548654,0.0887676022490351
16.14093221,731.0053361,944.2,1.4971842,0.17383399318907314
3.69441587,55.0,543.16,21.015327,1.0907503122948163
3.43087751,29.0,457.68,35.125686,0.7180957539021474
3.6831179,37.0,300.33,124.72997,0.7405508083562078
2.3,15.8,329.0,53.81149,1.2985945590531769
1.25,4.1,347.0,17.66484,2.0991999999999997
1.33,7.4,297.0,28.17232,3.1454066224411155
13.57407563,263.7975778,1397.0,2.4545467,0.10547268689692872
15.098497,1595.498603,3646.0,0.67247414,0.46354860366461964
2.122,6.8,384.0,5.7998164,0.711660356769185
2.08874836,4.5,780.53,16.34136,0.4938034820635292
2.69,9.13,666.0,9.2292005,0.4690443808971222
7.27,41.89,306.0,95.5,0.10902023849989839
2.19,6.37,395.0,7.851928,0.6064668791490498
3.147,20.1,728.0,18.261608,0.6449199753026723
12.41899699,1767.0,1363.43,10.261127,0.922522535659897
14.35870428,899.4543918,1802.0,3.3773512,0.3038319164513026
16.28664896,292.4021344,1580.0,3.8240801,0.06768389314703623
10.76062147,260.6192937,1188.0,8.60077,0.20916764196695747
10.1,177.9839079,944.2,34.525528,0.17274942749740124
8.0,18.75187601,944.2,17.16073,0.03662475783203125
12.50922246,329.5880581,1364.0,8.2148282,0.16837612860925896
11.32107051,875.6172613,348.0,260.79,0.6034646411296534
11.39953337,206.5884646,944.2,6.90683,0.13945845361105194
19.83989584,298.7587026,1763.0,2.1225735,0.038256250409316926
3.51,26.0,1860.0,1.1947268,0.6012457210093595
3.03,13.8,805.0,10.695264,0.4960794089407962
10.95117414,287.3168799,944.2,11.9126075,0.21876562758513868
11.1529358,203.4101805,1259.0,8.001968,0.14662400513832216
14.36991326,502.1688831,1688.0,3.5315902,0.16923389817950102
16.47720163,278.0998561,747.0,30.033302,0.062165638077443894
0.994,2.31,603.1,11.30717,2.352083994886655
1.874,18.1,496.8,20.225528,2.7502350666937105
9.97599282,50.85254512,842.0,17.10197,0.051220558558502334
10.08808263,508.5254512,944.2,2.99432,0.49532106877712767
11.2089807,1900.613874,799.0,22.65398,1.3495703586296512
1.504,3.49,1478.0,1.0528573,1.0258454066656715
2.451,7.27,544.0,21.064302,0.49374700821700307
16.11851425,394.1072247,1689.0,3.3312029,0.09411078018866484
8.60849718,71.51139158,1091.0,4.0197517,0.11209679732153945
10.83908434,206.5884646,1000.0,5.1750073,0.16222892155239618
10.42435205,2955.804185,860.0,13.33668,2.6093266506982515
6.81,56.64,885.0,4.31361,0.17934195882663895
11.72459381,1830.691624,624.0,5.4693827,1.1358520783060115
1.559,3.37,1378.0,1.273099,0.8893885935562929
12.25141591,235.1930212,1426.0,4.6612061,0.12789853808697857
11.48920522,624.8506482,889.7,2.13570304,0.4120085836514854
2.86,15.6,449.0,3.0766891,0.6668474564215188
9.86390302,953.485221,1080.0,8.275479,0.9934993441565849
15.02003414,294.6269333,1571.6,5.842641,0.08694801785900509
10.36830715,105.8368595,1534.0,4.3474032,0.09495402568134657
1.52,2.68,458.0,7.397225,0.7631396705059046
2.363,4.8,519.0,15.66858,0.36378942674235465
9.60609646,124.906564,414.0,69.33684,0.14091084906568369
11.24,222.0,400.0,106.14468,0.15633421625640587
2.83,13.31,1509.4,3.73659,0.5872442173100093
12.1393261,766.6021177,1134.0,11.23479,0.42853498253875516
11.14172682,1531.932922,1595.0,10.655669,1.1075981754048232
6.06,34.62,1443.0,3.738252,0.1555640320428475
2.74,317.83,944.2,4.93777,15.45052351816339
11.2089807,203.4101805,1100.0,7.18585,0.14443562366961185
8.67575106,26.69758619,944.2,23.2856,0.04088375257671183
10.13291855,208.8132634,944.2,49.2519,0.20070325943059109
11.54525012,743.7184724,636.0,64.5949,0.48327967474174166
11.25381662,415.401728,338.0,94.1022,0.29145317888791755
10.92875618,63.88350981,1352.0,5.983944,0.04894141906644433
7.16253867,43.86032017,1027.0,18.38818,0.11936331137520335
13.64132951,260.6192937,1431.0,2.9887615,0.10266832218977306
17.37392009,200.2318964,2410.0,3.39775,0.03818034088306993
14.4595851,79.45710175,1456.0,4.5207265,0.026282412368774426
12.07207221,69.28659273,1445.0,5.45664,0.039382540760486376
12.10569916,1112.399425,592.0,61.6277,0.6270340493998434
1.71,4.23,493.0,13.475853,0.8459643003065273
18.10250383,122.6817651,1387.0,4.880974,0.020680644621390784
19.72780603,193.8753283,944.2,6.2034,0.025251441706287014
2.77,8.8,531.0,3.6977104,0.4140410153734841
1.28,1.48,600.0,3.35992,0.7057189941406249
2.33,6.2,489.0,5.66051,0.49014426605916184
2.0,4.2,383.0,11.38194,0.525
13.72,228.0,1603.0,2.499387,0.08828207104262079
17.26183028,139.8444991,1205.0,4.8084983,0.02718847576264498
18.11371281,309.8826968,1893.0,1.96229325,0.05214046421532488
15.27784069,225.658169,1376.0,4.039709,0.06327980448186045
2.34,6.54,661.0,17.61745,0.510422929883811
12.84549188,117.5965106,1471.0,3.5514058,0.05548073660213402
1.42,4.53,979.0,4.5117244,1.5820972252878513
1.88,3.72,475.0,39.361826,0.5598470473787119
9.6397234,54.03082919,929.0,6.2996431,0.060318136386337304
18.6405349,444.9597698,1978.0,1.60200105,0.06869824386471875
12.32987877,368.6809521,1186.0,1.8237146,0.19668637705577008
13.15934334,533.9517238,1544.0,2.3505614,0.23431459360624363
13.4,638.0,1358.0,3.601501,0.26515894574798093
9.292245,96.61983573,1622.0,3.2783662,0.12042158496908054
12.55405838,953.485221,1001.0,3.122832,0.4819051129537584
13.75341932,1058.368595,1726.0,3.007812,0.406822432373882
16.43236571,197.0536123,1596.0,3.9014971,0.044410342772758925
7.16,68.2,2155.0,1.266938,0.1857998280485251
13.65253849,327.3632592,1292.0,3.7065585,0.1286440508556549
13.7646283,378.2158043,1539.0,3.971281,0.14502611326056739
11.39953337,211.3558907,604.0,2.59261842,0.14267672561330666
3.82,30.3,1722.0,0.8831331,0.5435663203294092
4.94057819,40.4,1213.02,5.70439,0.3350024895755318
3.2,57.2,1871.0,0.777038,1.7456054687499998
15.55806521,176.0769375,1616.0,3.6525145,0.04675582382724977
4.26,20.1,1445.0,3.7852503,0.2599963553943734
12.97999965,721.4704839,1488.0,2.0180231,0.32990927554438015
12.80065596,1598.359059,944.2,18.09547,0.7620398289981898
12.22899794,530.7734397,1264.0,5.8768918,0.290226167419188
13.7646283,397.2855088,1693.0,3.6515568,0.15233835429655773
14.67255574,193.8753283,1451.0,3.8795105,0.06137694135642293
10.5700688,99.16246298,1190.0,2.21778105,0.08396801039994271
3.22,8.97,1102.0,8.1594667,0.26867349694401116
15.9727975,435.4249176,1984.0,2.30458952,0.10684896530621785
23.53885947,375.0375203,1498.0,3.119999,0.028755337559989838
5.3,26.4,899.0,4.417965,0.17732759257642217
11.02963701,565.7345645,1170.0,3.8212867,0.4216276209692524
8.29464572,82.63538582,690.0,3.936551,0.14480132486616296
12.80065596,69.28659273,1657.0,3.3462406,0.03303334315186336
13.08088048,311.4718389,1534.0,3.246075,0.13915789616428303
12.59889431,324.1849751,801.0,9.088516,0.16210469174940767
11.32107051,222.4798849,750.0,2.154849,0.15333039883249397
12.0,85.3,759.0,3.438753,0.04936342592592592
5.14,14.95,582.0,4.6747373,0.11009100483292886
18.49481816,330.5415433,1646.0,2.8989727,0.05224874380474415
13.13692538,352.7895318,1633.0,3.2443141,0.1556089208298593
10.87271128,187.5187601,1178.0,11.88865,0.14589189172824235
13.59649359,171.6273398,1544.0,2.04360352,0.06828191682118655
11.67975789,99.7981198,1445.0,4.123596,0.06263554175616663
6.43,32.59,441.0,4.5445828,0.1225889828720622
15.27784069,260.6192937,1531.0,4.33454,0.07308371783135653
14.28024141,129.0383332,1512.0,3.4936264,0.044311055649012235
12.31866979,1233.174219,1198.0,7.433234,0.659679510509757
12.27383387,55.61997123,1295.0,6.607662,0.030080845415241034
14.4595851,187.5187601,1621.0,3.6089254,0.0620264931803844
7.9,44.0,563.0,4.353326,0.0892424331543752
3.02,11.0,1441.0,1.348335,0.39936670606116675
5.93,20.31,907.0,5.414654,0.09739705904137307
6.18,38.15,650.0,14.70886,0.16163265881631037
1.32,2.08,584.0,3.307441,0.9043604084926399
2.08,6.57,368.0,13.175682,0.7300882595584888
13.04725353,232.0147371,1458.0,3.1774835,0.10446198320875912
1.362,13.71,1241.0,4.040295,5.426329130281644
2.328,9.72,931.0,9.573083,0.7704018854507586
12.28504285,731.0053361,605.1,56.39879,0.39426708350130685
13.57407563,457.6729061,1570.0,3.8016122,0.18298875800478542
13.30506009,136.666215,1074.0,4.0664428,0.05802439832264732
16.11851425,365.5026681,1669.0,4.6174141,0.08728015905344964
13.67495645,788.2144494,725.0,3.5819194,0.30822405960424765
2.64,6.7,922.0,5.197576,0.3641355010156663
5.09,14.1,635.0,16.067541,0.10692167795237617
10.68215861,165.2707716,1642.0,3.4913885,0.135587292419831
1.28,3.07,1862.0,0.490047,1.4638900756835935
3.29,9.9,633.0,12.46103,0.27800173141724804
16.81347105,143.0227832,944.2,2.9223,0.03009075493873007
15.10970598,304.1617855,944.2,4.378081,0.08817320120184251
16.69017226,353.743017,944.2,3.25352,0.07608611656551456
11.2089807,95.3485221,904.0,30.08364,0.06770419858847365
2.52,5.4,435.0,7.44628,0.33743656192635785
13.26022417,252.3557552,1395.0,2.8807198,0.10823322904497036
14.01122587,1872.009317,427.0,101.94054,0.6805806593092854
14.60530185,397.2855088,1639.0,3.9540709,0.12751788857671253
11.09689089,1197.323175,944.2,82.97213,0.8762084579468989
12.17,637.0,705.0,15.266446,0.3534009378083626
11.85910158,473.5643264,944.2,9.95581,0.28393806108774844
10.53644186,168.4490557,944.2,31.034,0.14400801215099673
6.8,959.8417891,347.0,82.6869,3.052621199814269
9.42,2946.269333,191.0,482.8191,3.5246803466984558
11.67975789,4096.808166,1677.0,7.24599,2.571248831769047
3.2,123.0,944.2,271.9445,3.753662109374999
8.18255591,1229.995935,944.2,22.09341,2.2451053862623374
10.9175472,61.65871096,1468.0,6.235633,0.04738263476952048
15.22179579,1687.668841,2255.0,1.7452851,0.4785083914539143
12.44196858,734.1836202,1472.0,4.28088,0.38118639368034685
14.35870428,308.2935548,1673.0,3.5658116,0.10414026818749107
2.85372018,20.8,1198.94,6.866196,0.8950126546902486
11.09691,486.2799,1370.0,10.33111,0.3558607808971259
8.7,86.7,694.0,1.5227591,0.1316622703313425
12.87,227.0,894.0,10.60057,0.10648543674699079
12.34108775,572.0911326,919.0,7.479182,0.3043721382462092
8.54124329,88.99195396,717.6,21.491984,0.14281948570938863
1.166,1.42,1617.0,0.548177,0.895762120139646
6.25,32.7,1040.0,6.3085044,0.1339392
10.76062147,642.0133821,1056.0,10.24368,0.5152666302582657
3.48935569,16.14568308,550.0,23.443162,0.3800324645117242
6.6,32.0,1180.0,6.753581,0.11130589642986338
11.98240037,921.7023803,976.0,30.158577,0.5357463601057302
1.54,3.57,1009.0,7.18886,0.977475888928073
11.88151954,1036.120607,906.0,20.33003,0.6177238244440776
13.34989601,330.5415433,1585.0,3.8922295,0.13892883766662778
11.54525012,147.1545524,687.0,1.2652328,0.09562328604148113
11.6,343.0,737.0,1.630757,0.21974558202468328
10.72699453,81.99972901,1286.0,4.5661061,0.06643213952864675
9.86,657.0,783.0,4.291452,0.6853850462310889
12.778238,743.7184724,1772.0,4.0966692,0.35644756332335104
11.60129502,3651.848396,1244.0,4.1509768,2.3388013011431523
11.9,170.4,675.0,2.930289,0.10111805473548786
9.30345398,127.1313628,565.0,6.387597,0.15787743480306615
9.86390302,190.6970442,1043.0,2.262196,0.19869986883131696
13.09208946,1182.321674,1648.0,5.858858,0.5268764149790889
5.82,61.5,867.0,2.3266508,0.31196520793561566
16.6117094,184.0226477,1350.0,5.4233207,0.04014470766495516
15.07607904,270.154146,1566.0,4.9394392,0.07883996447596722
10.60369574,130.9453037,689.0,3.792622,0.10982928445753962
12.41955062,2094.489202,1195.0,7.581367,1.0933531989216132
14.70618268,155.1002626,1488.0,3.62156552,0.04876549800671518
10.3,58.7,947.0,10.590547,0.05371881540403045
3.52,11.8,1242.0,4.77271,0.27055403596919614
2.018,2.89,999.0,1.548352,0.35166921909727245
11.30986153,419.5334972,441.0,75.12375,0.2899978506157524
9.75,112.0,528.0,8.79758977,0.12083818000977764
12.17295304,1147.360549,1061.0,14.574071,0.636080487177965
12.22899794,1910.148726,1180.0,6.9839095,1.0444666264027163
17.14974047,285.7277379,1789.0,2.6085846,0.05664736934147187
1.397,2.02,2319.0,0.4465697,0.7409043610600103
2.865,5.93,802.0,10.778838,0.25216268169101247
2.615,13.33,600.0,25.71268,0.7454440794715247
2.517,12.4,416.0,77.144,0.7776282662639092
10.78,624.0,939.0,2.002849,0.49811349412509304
10.42,588.0,837.0,2.2035373,0.519725671678432
11.43318,464.98529,1714.0,1.651144,0.3111272792999385
4.91,20.0,513.0,47.73022,0.16896062964733075
10.3,124.0,742.0,2.94815527,0.11347756575979176
1.09,4.3,708.0,1.4344555,3.320388964262576
8.54,73.0,1040.0,12.779107,0.11720583900094748
5.62,23.66,1136.78,6.1406325,0.13329252456311938
2.46,9.5,1108.0,2.6278838,0.6381434030481491
3.08,10.3,950.0,15.61031,0.3525210663851244
11.46678726,6995.403238,1515.0,7.148972,4.639674228941734
1.03,4.0,707.0,0.8574347,3.6605666374126384
13.67495645,371.8592362,1890.0,4.023687,0.145412157148535
14.39233122,519.6494454,944.2,5.7987,0.17430788473633055
11.92,254.0,714.0,2.576184,0.14997019301083542
6.41,78.5,1439.0,5.8267311,0.29805442109988983
2.64,12.5,1360.0,7.501428,0.6793572780143028
2.82,9.3,1143.0,12.563636,0.41470151657682364
14.3474953,333.7198274,1750.0,2.392679,0.11299357170914079
18.97680433,138.2553571,1666.0,4.6615983,0.020230784756609308
9.2362001,96.30200732,1388.0,6.402513,0.12222367559014205
1.079,1.44,944.2,0.23818244,1.1462996453590097
11.88154,2011.8639,1586.0,3.4095675,1.199445155327934
11.59,2493.0,541.0,9.485236,1.6012972972036927
1.059,1.17,1216.0,0.279221,0.9851400639178577
10.89,3179.0,495.0,6.8500246,2.461539950124771
11.29,331.0,745.0,1.79058695,0.23000970872370313
19.2794468,181.162192,1816.0,5.003777,0.025280395398610357
11.93756445,2606.192937,1213.0,6.961508,1.5320021525799348
2.378,8.71,794.0,1.527561,0.6477129857715545
10.98480109,235.1930212,833.0,18.18424,0.17743849255341296
2.27,4.45,674.0,2.598902,0.38043672939655127
2.26,3.65,553.0,4.6955507,0.31620413653919865
1.92,5.2,482.0,7.1027268,0.7346824363425928
5.09,61.0,1493.0,5.056973,0.4625689613542516
2.58606487,10.0,1124.85,3.945152,0.5782048841155758
9.52763359,66.74396547,599.0,80.389,0.07717148640186519
5.25,23.6,635.0,1.977143,0.1630925386027427
13.11450742,392.2002542,944.2,11.2365985,0.17388091678195655
9.5836785,53.39517238,417.9,3.37077196,0.06066040204236646
11.43316031,114.4182265,944.2,9.691,0.07655901423400503
13.2,224.0,593.0,2.65206166,0.09739265937613045
1.992,5.72,1055.8,4.884765,0.7236491003610578
2.81,9.83,934.0,1.2392495,0.4430314510415768
2.5,10.5,641.0,17.46819,0.672
8.33948164,79.77493016,555.4,3.4716826,0.1375464107384174
2.28,9.79,1038.0,5.6057,0.8259963929522176
2.63,9.32,800.0,12.2737,0.5123286784168407
1.36,2.47,543.0,2.3260155,0.9819293201709749
1.798,5.0,520.0,8.24662,0.8602029788074929
2.047,6.9,420.0,15.665323,0.8044435293929091
15.4,878.0,1561.0,4.633611,0.24039883206690424
2.734,19.1,435.0,8.0240015,0.9346259531398169
1.93,9.67,944.2,2.7970365,1.3450999206154577
2.94,7.6,686.0,11.197259,0.2990691394332734
2.62,23.5,469.0,34.976145,1.3066641875262166
2.926,18.467,1253.0,1.392978,0.7371797279100767
1.704,4.53,871.0,3.81673,0.9155655238934324
2.587,9.6,665.0,8.59545,0.5544749710192435
9.16894621,120.4569663,995.3,8.3249113,0.15626929271268644
3.64,41.8,944.2,0.765548,0.8667066540511775
14.06727078,349.6112477,1529.0,3.2797178,0.1255902296514861
11.99363,301.9385,1397.0,10.62656,0.17501148611222836
13.125739,211.99261,1192.0,3.739494,0.0937452840006717
3.186,16.137,1317.0,3.183792,0.4989826953424636
9.550068,55.30242,1526.0,3.6849729,0.063492838702257
2.765,9.1,941.0,1.8237305,0.43048297996544627
1.841,6.26,1329.0,1.01153624,1.003258776664317
1.95,15.2,1329.0,1.4468849,2.0499334108801563
10.4,4386.054,163.0,1.4079405,3.899186034934001
1.24,2.53,996.0,0.5734745,1.3269527709710986
